Contents,ipa
অনর বুঝ ফঅলেও বুঝে।,ɔnɔr buɟʱ pʰɔ͡o̯le͡o̯ buɟʱe।
নিজর বুঝ ফঅলেও বুঝে।,niɟɔr buɟʱ pʰɔ͡o̯le͡o̯ buɟʱe।
অইনত্তোবারে আইললে গরম। ,ɔ͡i̯not̪t̪obare a͡i̯lle gɔrom। 
অক্কল তেলইনর বঅরফাতা।,ɔkkol t̪elinɔr bɔ͡o̯ropʰat̪a।
"অইলে ন বছরে অয়, নঅইলে নব্বই বছরেও নঅয়।","æ͡i̯le n bɔcʰore ɔʲ, nɔ͡o̯͡i̯le nɔbbo͡i̯ bɔcʰore͡o̯ nɔ͡ɔ̯ʲ।"
"অউরু বাড়ি মধুর হাঁড়ি, তিন দিনঅর উঅদ্দি থাইলে ঝাঁড়ার বারি।","ɔ͡u̯ru baɽi mod̪ʱur hãɽi, t̪in d̪inɔr u͡ɔ̯d̪d̪i t̪ʰa͡i̯le ɟʱãɽar bari।"
অইয়্যা ধানর ফাতা হালা অইয়্যা ফোয়ার হতা ভালা।,ɔ͡i̯ʲla d̪ʱanɔr pʰat̪a hala ɔ͡i̯ʲla pʰoʷar hɔt̪a bʱala।
"অউনরে অউন ন হঅয়, জুনিরে অউন হঅয়।","ɔ͡u̯nore ɔ͡u̯n n ho͡ɔ̯ʲ, ɟunire ɔ͡u̯n ho͡ɔ̯ʲ।"
"অউনরে অউন ন কয়, জুনিরে অউন কয়।","ɔ͡u̯nore ɔ͡u̯n n kɔʲ, ɟunire ɔ͡u̯n kɔʲ।"
অতি সুন্দরীর নেক নাই,ot̪i ʃund̪orir nek na͡i̯
অতি নেকাইনর ভাত নাই।,ot̪i neka͡i̯nɔr bʱat̪ na͡i̯।
অতি চালাকরভাত নাই।,ot̪i calakorbʱat̪ na͡i̯।
অতি চতুরর ভাত নাই।,ot̪i cot̪uror bʱat̪ na͡i̯।
অইন হাইলে আরা আগা ফরে।,ɔ͡i̯n ha͡i̯le ara aga pʰɔre।
অককৈ টুয়ার বাঁশ।,ɔkko͡i̯ tuʲar bãʃ।
এক্কই টুয়ার বাঁশ।,ækko͡i̯ tuʲar bãʃ।
একই চুঁয়ার বাঁশ।,æko͡i̯ cũʲar bãʃ।
অহথা কথা অইবু মাইনসে হইলে অদারু দারু অইবু ফাডাত ফিষিলে।,ɔhot̪ʰa kɔt̪ʰa ɔ͡i̯bu ma͡i̯nʃe ho͡i̯le ɔd̪aru d̪aru ɔ͡i̯bu pʰadat̪ pʰiʃile।
অহথা হথা অইবু মাইনসে হইলে অদারু দারু অইবু ফাডাত ফিষিলে।,ɔhot̪ʰa hɔt̪ʰa ɔ͡i̯bu ma͡i̯nʃe ho͡i̯le ɔd̪aru d̪aru ɔ͡i̯bu pʰadat̪ pʰiʃile।
অতি চালাকর গলাত দরি।,ot̪i calakor gɔlat̪ d̪ori।
"অতি ভক্তি যার, চোরর লক্কন তার।","ot̪i bʱokt̪i ɟar, coror lokkon t̪ar।"
"অদের হাম ন গরি, বে অদের হাম লই টানাটানি।","ɔd̪er ham n gori, be ɔd̪er ham lɔ͡i̯ tanatani।"
অক্কর দান ফক্কত যায়।,ɔkkor d̪an pʰokkot̪o ɟaʲ।
অ হইলে ভ বুজস।,ɔ ho͡i̯le bʱɔ buɟɔʃ।
"অইদে ইতে ন'ত অয়, ন'দে ইতে নকাইয়ত নো অয়।","ɔ͡i̯d̪e it̪e n't̪o ɔʲ, n'd̪e it̪e nɔka͡i̯ʲot̪ no ɔʲ।"
"অভাগা যিকে চায়, সায়গর ফুওয়াই যায়।","ɔbʱaga ɟike caʲ, saʲgɔr pʰu͡o̯ʷa͡i̯ ɟaʲ।"
"অযাগাততে তুলসী, অজাতত্তে রূপসী।","ɔɟagat̪t̪e t̪ulʃi, ɔɟat̪ɔt̪t̪e rupoʃi।"
"অসতল্যয় অসৈত্যামি, সতল্লয় সৎ, চোরল্লয় চোরামি গর শঠল্লয় শঠ","ɔʃot̪ɔllɔʲ ɔʃo͡i̯t̪t̪ami, ʃɔt̪ollɔʲ ʃɔt̪, corollɔʲ corami gɔr ʃɔtʰllɔʲ ʃɔtʰ"
"অ ভাই থমথম, উলুবনৎ আছে যেই ইতে কি হম?","ɔ bʱa͡i̯ t̪ʰɔmɔt̪ʰom, ulubɔnoʃ acʰe ɟe͡i̯ it̪e ki hɔm?"
অরির চিন্তা জামাইর ফেট।,ɔrir cint̪a ɟama͡i̯r pʰet।
অকুলীন কুলীন অইবু,ɔkulin kulin ɔ͡i̯bu
কুলীন অইবু হীন,kulin ɔ͡i̯bu hin
কুলীন ধরিব জীন।,kulin d̪ʱorib ɟin।
অস্তা কেলা হষ,ɔst̪a kela hɔʃ
মঅংগা কেলা রস।,mo͡ɔ̯ŋga kela rɔʃ।
"অমাইনসে ন বুঝে ভালা মাইনসর গতি,উদ্দুরে ন বুঝে কোরান না পুঁথি।","ɔma͡i̯nʃe n buɟʱe bʱala ma͡i̯nʃɔr got̪i,ud̪d̪ure n buɟʱe koran na pũt̪ʰi।"
অক্কল তিতা খা যায় মুঅর তিতা খান যায়।,ɔkkol t̪it̪a kʰa ɟaʲ mu͡ɔ̯r t̪it̪a kʰan ɟaʲ।
"অভাইগ্যা চোরা যেই বারিৎ যায়,অয় কুইরে ডায় নয় রাইৎ ফোয়ায়।","ɔbʱa͡i̯gka cora ɟe͡i̯ barit̪ ɟaʲ,ɔʲ ku͡i̯re daʲ nɔʲ ra͡i̯ʃ pʰoʷaʲ।"
"অভাইগ্যা চোরা যেই বারিৎ যায়,অয় কুত্তয় ডায় নয় রাইৎ ফোয়ায়।","ɔbʱa͡i̯gka cora ɟe͡i̯ barit̪ ɟaʲ,ɔʲ kut̪t̪oʲ daʲ nɔʲ ra͡i̯ʃ pʰoʷaʲ।"
অরিয়ে দুর্নাম গরইলে জগতে হনে মায়ে দুর্নাম গরইলে চুলার দুয়ারর বিলাইয়ে হনে।,ɔriʲe d̪urnam gɔrile ɟɔgot̪e hone maʲe d̪urnam gɔrile cular d̪uʲarɔr bila͡i̯ʲe hone।
অরিয়ে দুর্নাম গরইলে জগতে ফুনে মায়ে দুর্নাম গরইলে চুলার দুয়ারর বিলাইয়ে কুনে।,ɔriʲe d̪urnam gɔrile ɟɔgot̪e pʰune maʲe d̪urnam gɔrile cular d̪uʲarɔr bila͡i̯ʲe kune।
"অয়াতর বাদ্দি খাইত ন ফারিবা, রিজিকর বাদ্দি খাইত ন ফারিবা।","ɔʲat̪ɔr bad̪d̪i kʰa͡i̯t̪o n pʰariba, riɟikɔr bad̪d̪i kʰa͡i̯t̪o n pʰariba।"
"অনর মান অনে রাখে, হাড়া কান চুল দি ঢাকে।","ɔnɔr man ɔne rakʰe, haɽa kan cul d̪i dʱake।"
"অসতী-এ সতী নিন্দে, জুনি পোগে মানিক নিন্দে।"," ɔʃot̪i- ʃot̪i nind̪e, ɟuni poge manik nind̪e।"
"অস্তায় বউ আনিলে পাড়ায় পাড়ায় বেড়ায়, অস্তায় গরু কিনিলে পথে পথে ছেড়ায়।","ɔst̪aʲ bɔ͡u̯ anile paɽaʲ paɽaʲ beɽaʲ, ɔst̪aʲ goru kinile pɔt̪ʰe pɔt̪ʰe cʰeɽaʲ।"
"অক হতাত ঠগবেজার, গরম ভাতত বিলাই বেজার, ভাঙ্গা ঠেঙ্গত মতইন্না বেজার।","ɔk hɔt̪at̪ tʰgobeɟar, gɔrom bʱat̪t̪o bila͡i̯ beɟar, bʱaŋga tʰeŋgɔt̪o mɔt̪inna beɟar।"
অভাইগ্যারে পাইয়ে ভূতে ঘর এরি বাআরে ফুতে।,ɔbʱa͡i̯ggare pa͡i̯ʲe bʱut̪e gʱɔr eri ba͡a̯re pʰut̪e।
অভাইগ্যারে পাইয়ে ভূতে ঘর এরি বাআরে হুতে।,ɔbʱa͡i̯ggare pa͡i̯ʲe bʱut̪e gʱɔr eri ba͡a̯re hut̪e।
অজাইত্যা হাট্টল সুজাত নো অয় ফাঁগিলে হাউল মিডা নো অয়।,ɔɟa͡i̯t̪t̪a hattol ʃuɟat̪ no ɔʲ pʰãgile ha͡u̯l mida no ɔʲ।
অস্তার তিন অবস্তা।,ɔst̪ar t̪in ɔbost̪a।
"অরি বৌ-এ হথা হইলে মোচার ধানেঅ ভাত অয়।
","ori bo͡u̯-e hɔt̪ʰa ho͡i̯le mocar d̪ʱane͡o̯ bʱat̪ ɔʲ।
"
"অরিয়ে মাইজ্জে গুঁতা, বৌ বেডিএ পাইয়ে ছুতা।","ɔriʲe ma͡i̯ɟɟe gũt̪a, bo͡u̯ bedi͡e̯ pa͡i̯ʲe cʰut̪a।"
"অরি গেইয়ে পাড়া বেড়াইত, পাড়াত বই থক ননন গেইয়ে গরু চরাইত, বাঘে ধরি হক।

","ori ge͡i̯ʲe paɽa beɽa͡i̯t̪o, paɽat̪ bo͡i̯ t̪ʰɔk nɔnon ge͡i̯ʲe goru cɔra͡i̯t̪o, bagʱe d̪ʱori hɔk।

"
"অঅডা জননার তিন পদ জেঅর গুইট্টা মরিচর অস্তা দর।
","ɔ͡ɔ̯da ɟɔnonar t̪in pɔd̪ ɟe͡ɔ̯r gu͡i̯tta moricɔr ɔst̪a d̪ɔr।
"
" অক্কল ছালনর বঅর পাতা।
"," ɔkkol cʰalonɔr bɔ͡o̯r pat̪a।
"
অউরুত আইলাম কেঁইলৎ ঘরা বঅরৎ গেইলাম টেইৎ বারা।,ɔ͡u̯rut̪ a͡i̯lam kẽilɔt̪ gʱɔra bɔ͡o̯rɔt̪ ge͡i̯lam te͡i̯t̪ bara।
"অরান অ, পেরেশান অ মার কাছে যাবি সুখ শান্তি বেঅশতত, এন্ডে গেইলে পাবি।","ɔran ɔ, pereʃan ɔ mar kacʰe ɟabi ʃukʰ ʃant̪i be͡ɔ̯ʃɔt̪ɔt̪, ænde ge͡i̯le pabi।"
" অভীনে খাইলে আইও খাম, পেডঅর বিষে ঘুম ন যাম।
"," obʱine kʰa͡i̯le a͡i̯o kʰam, pedɔr biʃe gʱum n ɟam।
"
"অউরো বাড়ীত জামাই আইস্যে রাতা কুরার আশে গুড়া কচুর ছাড়া দেখি জামাই ফুডুর ফুডুর হাসে
","ɔ͡u̯ro baɽit̪o ɟama͡i̯ a͡i̯ʃʃe rat̪a kurar aʃe guɽa kocur cʰaɽa d̪ekʰi ɟama͡i̯ pʰudur pʰudur haʃe
"
 অলৈদ ফোঁদৎ দি রাঁধঅনী হঅলান।, ɔlo͡i̯d̪ pʰõd̪ɔt̪ d̪i rãd̪ʱoni hɔ͡ɔ̯lan।
অক্কল ইয়েলর এক রা।,ɔkkol iʲelr æk ra।
অরর খুঁডা।,ɔror kʰũda।
"অইননা গুন বাআরে ফরফরায় নইননা গুন ঘরঅত লরকরায়।
","ɔ͡i̯nna gun ba͡a̯re pʰɔrpʰɔraʲ ninna gun gʱɔrɔt̪o lɔrkraʲ।
"
অ ভূঁইয়া-ভুঁইয়া অইয়ি তেলি অইয়ি পাল নাইতের পোয়া জমিদার অইয়ি হনে ফেলাইবো বাল।,ɔ bʱũiʲa-bʱũiʲa ɔ͡i̯ʲi t̪eli ɔ͡i̯ʲi palo na͡i̯t̪er poʷa ɟomid̪ar ɔ͡i̯ʲi hone pʰela͡i̯bo bal।
আগে নিজর বুঅত্তল ফুই চ গই।,age niɟɔr bumɔt̪t̪ol pʰu͡i̯ c go͡i̯।
আদা ফচিলেও ঝাঁঝ থাহে।,ad̪a pʰocile͡o̯ ɟʱãɟʱ t̪ʰahe।
"আদিলে বউয়ে ভাত ন হায়, চুরি গরি বউ চইল চাবায়।
","ad̪ile bo͡u̯ʲe bʱat̪ n haʲ, curi gori bɔ͡u̯ co͡i̯l cabaʲ।
"
আকত অ নাই মাছতঅ নাই।,akot̪o ɔ na͡i̯ macʰt̪o na͡i̯।
শাকত অ নাই মাছতঅ নাই।,ʃakɔt̪ ɔ na͡i̯ macʰt̪o na͡i̯।
"নিজরগান খোদার দোহাই, পররগান আন পেট ভরি খাই।","niɟɔrgan kʰod̪ar d̪oha͡i̯, pɔrorgan an pet bʱori kʰa͡i̯।"
"আরগান খোদার দোহাই, পররগান আন পেট ভরি খাই।","argan kʰod̪ar d̪oha͡i̯, pɔrorgan an pet bʱori kʰa͡i̯।"
আলুর লতা টেএয়ারা ফার অইয়ে।,alur lɔt̪a te͡e̯ʲara pʰar ɔ͡i̯ʲe।
আল্লার মাইর দুনিয়ার বাইর।,allar ma͡i̯r d̪uniʲar ba͡i̯r।
"আইযহাইললা যবানার ফোয়া, মেডিত পইললে লোয়া।
","a͡i̯͡æ̯ha͡i̯lla ɟɔbanar pʰoʷa, medit̪o po͡i̯lle loʷa।
"
"আঁইঅ ভালা তুইঅ ভালা ভাগত টান ফইরলে মন হালা।
","ãi͡o̯ bʱala t̪u͡i̯͡ɔ̯ bʱala bʱagot̪o tan pʰo͡i̯rle mon hala।
"
"আফরে নহদে লাম্বা, ব্যাঙঅরে নহদে বাইট্টা।
","apʰre nɔhod̪e lamba, bæŋɔre nɔhod̪e ba͡i̯tta।
"
"আঁচলৎ সোনা খাইলে বদনে চিনা যায়।
","ãclɔt̪ ʃona kʰa͡i̯le bɔd̪one cina ɟaʲ।
"
"আঁধাইয়ের আতর লডি।
","ãd̪ʱa͡i̯ʲer at̪or lɔdi।
"
"আইগগে হনে রাম্মুইয়া, ফাইদ্দে হনে রাম্মুইয়া।
","a͡i̯gɔge hone rammu͡i̯ʲa, pʰa͡i̯d̪d̪e hone rammu͡i̯ʲa।
"
"আনা দেইলে হানা বেজার, অঁ দেইলে ল্যাংগা বেজার।
","ana d̪e͡i̯le hana beɟar, ɔ̃ d̪e͡i̯le læŋga beɟar।
"
"আলও চই, দুধও হাই, ইবারে হয় গাই, বিয়াগরি ফুয়ারে থাই, ইতারে হয় ভাই।
","alo co͡i̯, d̪ud̪ʱo ha͡i̯, ibare hɔʲ ga͡i̯, biʲagori pʰuʲare t̪ʰa͡i̯, it̪are hɔʲ bʱa͡i̯।
"
আইডে ফাতৎ ঠাডার ন ফরে।,a͡i̯de pʰat̪ot̪ tʰadar n pʰɔre।
"আইল ভাঁংগি ঢুকিল পানি, কি গরিব ওঝা গেয়ানী।
","a͡i̯l bʱãŋgi dʱukilo pani, ki gorib oɟʱa geʲani।
"
 আঁআর অইয়ে বুগৎ ঘা আঁআরে কয় যে রৌন খা।, ãar ɔ͡i̯ʲe bugɔt̪ gʱa ãare kɔʲ ɟe ro͡u̯no kʰa।
 আঁআর অইয়ে বুগৎ ঘা আঁআরে কয় যে রৌন খা।, ãar ɔ͡i̯ʲe bugɔt̪ gʱa ãare kɔʲ ɟe ro͡u̯no kʰa।
" আই গরির ভাই ভাই, হাইদ্যা কানার মনঅ নাই।
"," a͡i̯ gorir bʱa͡i̯ bʱa͡i̯, ha͡i̯d̪d̪a kanar mono͡o̯ na͡i̯।
"
আঁধারে ধরি বাঁধি মারন।,ãd̪ʱare d̪ʱori bãd̪ʱi maron।
আঁধারে কলা দেখাইলে পাপঅ নাই পুণ্যঅ নাই।,ãd̪ʱare kɔla d̪ækʰa͡i̯le papæ na͡i̯ punno͡ɔ̯ na͡i̯।
"আগর বেডার টিপটাপ।
","agor bedar tiptap।
"
"আগে পানির ছিটকা, পিছে লাডির গুতা।","age panir cʰitka, picʰe ladir gut̪a।"
"আগে আগ টানে, গোদায় সাত পুরুষ টানে।
","age ago tane, god̪aʲ ʃat̪ puruʃ tane।
"
"আগে জামাই কাট্টল ন খায়, পরে জামাইয়ে ভোতাঅ তোয়াই ন পায়।
","age ɟama͡i̯ kattol n kʰaʲ, pɔre ɟama͡i̯ʲe bʱot̪a͡o̯ t̪oʷa͡i̯ n paʲ।
"
"আগে থেশ, বা'দে দরবেশ।
","age t̪ʰeʃ, ba'd̪e d̪ɔrbeʃ।
"
"আইজ্জে চৈলর ফেনফেনি বেশ, কেঁডি কুঁত্তর ঘেডঘেডি বেশ।","a͡i̯ɟɟe co͡i̯lor pʰenpʰeni beʃ, kẽdi kũt̪t̪or gʱedgʱedi beʃ।"
"আদরর কুডুম বঅলী ছালন, নাই নাই গরি পাতৎ ঢালন।
","ad̪orɔr kudum bonoli cʰalon, na͡i̯ na͡i̯ gori pat̪ot̪ dʱalon।
"
"আদরর কলা, বাখলঅ ভালা।
","ad̪orɔr kɔla, bakʰlo bʱala।
"
"আদরে গা দরদ গরন।
","ad̪ore ga d̪ɔrod̪ gɔron।
"
"আদা চুরনির মনত গুতগুতি।
","ad̪a curɔnir monot̪o gut̪gut̪i।
"
"আম তলে আম মঅংগা।
","am t̪ɔle am mo͡ɔ̯ŋga।
"
"আরা এরি পারা, মল্লার ঢেঁইৎ বারা।
","ara eri para, mɔllar dʱẽit̪ bara।
"
 আরাহাডা আর তোতাহাডা এক।, arahada ar t̪ot̪ahada æk।
" আঁরার লয় যেন তেন, পিরল্লয় মস্কারি।
"," ãrar lɔʲ ɟeno t̪en, pirollɔʲ mɔʃkari।
"
"আলাই বালাই মাথাৎ পরন।
","ala͡i̯ bala͡i̯ mat̪ʰat̪ pɔron।
"
" আল্লাই দিতঅ চাইলে ছপ্পর ফাডি দে।
"," alla͡i̯ d̪it̪ɔ͡ɔ̯ ca͡i̯le cʰɔppɔr pʰadi d̪e।
"
" আইসসি যে কাজে, ন হইদ্দি লাজে।
"," a͡i̯ssi ɟe kaɟe, n ho͡i̯d̪d̪i laɟe।
"
"আঁই যদি কই কথা, ঘরঅত বাঝে কইল তেলইন ফাডি গোস্ত গেল গৈ সুরগাকেএনে রৈল?","ãi ɟod̪i ko͡i̯ kɔt̪ʰa, gʱɔrɔt̪o baɟʱe ko͡i̯l t̪elin pʰadi gost̪o gælo go͡i̯ ʃurgake͡e̯ne ro͡i̯l?"
"আঁই যদি হই হতা, ঘরঅত বাঝে কইল তেলইন ফাডি গোস্ত গেল গৈ সুরগা কেএনে রৈল?","ãi ɟod̪i ho͡i̯ hɔt̪a, gʱɔrɔt̪o baɟʱe ko͡i̯l t̪elin pʰadi gost̪o gælo go͡i̯ ʃurga ke͡e̯ne ro͡i̯l?"
"আইট্টে আইট্টে নলা, গাইতে গাইতে গলা।
","a͡i̯tte a͡i̯tte nɔla, ga͡i̯t̪e ga͡i̯t̪e gɔla।
"
আফোয়াইদ্যা ছালন বাই গরি খাইভ আফোয়াইদ্যা বউ গ বয়সকালে চাইও।,apʰoʷa͡i̯d̪d̪a cʰalon ba͡i̯ gori kʰa͡i̯bʱ apʰoʷa͡i̯d̪d̪a bɔ͡u̯ go bɔʲoʃkale ca͡i̯͡o̯।
"আফ মার মার, বেয়াগুনে হয় লাডি উজাই দইয়া কেউ নাই।","apʰ mar mar, beʲagune hɔʲ ladi uɟa͡i̯ d̪iʲa ke͡u̯ na͡i̯।"
"আফ মার মার, বেয়াগুনে কয় লাডি উজাই দইয়া কেউ নাই।","apʰ mar mar, beʲagune kɔʲ ladi uɟa͡i̯ d̪iʲa ke͡u̯ na͡i̯।"
"আগর বিবি আগ ছুরতী , মাঝর বিবি সুয়া শেষের বিবি লাং খাড়ানী, ধারে ভাঙ্গে গুয়া।","agor bibi ago cʰurt̪i , maɟʱɔr bibi ʃuʲa ʃeʃer bibi laŋ kʰaɽani, d̪ʱare bʱaŋge guʲa।"
"আগি  কুঁচে  না, মুতি  একগলা পানিত নামে।","agi  kũce  na, mut̪i  ækgɔla panit̪o name।"
"আগি  ইচে না, মুতি  একগলা পানিত নামে।","agi  ice na, mut̪i  ækgɔla panit̪o name।"
আঁচঅলত গরি আনি পাতিলাত ঢালে আবার ফুডানিঅ মারায়।,ãcɔlɔt̪o gori ani pat̪ilat̪ dʱale abar pʰudani͡o̯ maraʲ।
আরাই টিয়া গিডুত্তন যক তঅ-আঁর হথা উঅদ্দি থক।,ara͡i̯ tiʲa gidut̪t̪on ɟɔk t̪ɔ͡o̯-ãr hɔt̪ʰa u͡ɔ̯d̪d̪i t̪ʰɔk।
আরাই টিয়া গিডুত্তন যক নিজর কথা উঅদ্দি থক।,ara͡i̯ tiʲa gidut̪t̪on ɟɔk niɟɔr kɔt̪ʰa u͡ɔ̯d̪d̪i t̪ʰɔk।
আম সুন্দর পোগে হায় চাম সুন্দর বেডায় চায়।,am ʃund̪ɔr poge haʲ cam ʃund̪ɔr bedaʲ caʲ।
আঁতীর গা আঁতী ন-দেহে।,ãt̪ir ga ãt̪i n-d̪ehe।
"আত ঠেং থাইকতে মুখে কীউর হথা?
","at̪o tʰeŋ t̪ʰa͡i̯kɔt̪e mukʰe ki͡u̯r hɔt̪ʰa?
"
"আরত আইলে কী আনিবি? 
","arɔt̪o a͡i̯le ki anibi? 
"
তোরত গেইলে কি হাবাবি।,t̪orot̪o ge͡i̯le ki hababi।
"আলে ন-আঁডইন্যা বলদ, কুইজ্জা খাইবার যম।"," ale -ãdinna bɔld̪, ku͡i̯ɟɟa kʰa͡i̯bar ɟɔm।"
"আদা বেআরির জাঁহাজর খবর লঅন।
","ad̪a be͡a̯rir ɟãhaɟɔr kʰɔbor lɔ͡o̯n।
"
"আল্লার দেঅন অফুরানি, বান্দার দেঅন খোয়ার পানি।","allar d̪æ͡o̯n ɔpʰurani, band̪ar d̪æ͡o̯n kʰoʲar pani।"
"আক্কলে  বিয়াজুন  বন্দি, জালে বন্দী মাছ। ","akkole  biʲaɟun  bond̪i, ɟale bond̪i macʰ। "
"বেডির হাছে বেডা  বন্দি, ছালে  বন্দি গাছ।","bedir hacʰe beda  bond̪i, cʰale  bond̪i gacʰ।"
আটকুইজ্জার ভাত নাই।,atku͡i̯ɟɟar bʱat̪ na͡i̯।
আজুয় নহ হালুয় হালুয় নহ দশমী! ফরউয়া নহ তসসুয়া তসসুয়া নহ শ্রীপঞ্চমী।,aɟuʲ nɔh haluʲ haluʲ nɔh d̪ɔʃmi! pʰɔruʷa nɔh t̪ɔʃoʃuʃa t̪ɔʃoʃuʃa nɔh sripɔncomi।
 আঁতি মইরলেও ঘোড়ার তুন উঁচু থায়।, ãt̪i mo͡i̯rle͡o̯ gʱoɽar t̪un ũcu t̪ʰaʲ।
আজাইম্মারে বাপ ডাইলে যেদ্দুর হাডে আলা ডাইলেও এদ্দুর হাডে।,aɟa͡i̯mma͡a̯͡e̯ bap da͡i̯le ɟed̪d̪ur hade ala da͡i̯le͡o̯ ed̪d̪ur hade।
 আতির ঘা'ত ফাডার অষুধে কী অইব?, at̪ir gʱa't̪o pʰadar oʃud̪ʱe ki ɔ͡i̯bo?
"আফততুন আফর ছা অয়।
","apʰt̪ot̪un apʰor cʰa ɔʲ।
"
আলাইন্যা হাই বেলাইন্যা ছেরঅন।,ala͡i̯nna ha͡i̯ bela͡i̯nna cʰerɔn।
" আঁতরে তিতা, হানরে হচু, চৌগুরে তেল এ তিন্নানে ন-অইলে বৈদ্য বাড়ীৎ গেল।"," ãt̪ɔre t̪it̪a, hanore hocu, co͡u̯gure t̪el e t̪innane n-æ͡i̯le bo͡i̯d̪d̪o baɽit̪ gælo।"
আরার অতীনে লারেচারে ভৈন অতীনে পরানে মারে।,arar ot̪ine larecare bʱo͡i̯n ot̪ine pɔrane mare।
আঁধা হানা ভেউর এ তিনজন শতানর লেউর।,ãd̪ʱa hana bʱe͡u̯r e t̪inɟɔn ʃɔt̪anor le͡u̯r।
"আগইন্নার শরম নয়, দেহইন্নার শরম।
","aginnar ʃɔrom nɔʲ, d̪ehinnar ʃɔrom।
"
"আলা আইয়ক, ডালা আঁইয়ক, আঁই পুতর মা পাইক আইয়ক, পেয়াদা আঁইয়ক, আঁই কিছু না।","ala a͡i̯ʲok, dala ãiʲok, ãi put̪ɔr ma pa͡i̯k a͡i̯ʲok, peʲad̪a ãiʲok, ãi kicʰu na।"
" আন হথায় কান ভার, ভেজাইল্ল্যা কথায় মন বেজার।"," an hɔt̪ʰaʲ kan bʱar, bʱeɟa͡i̯llæ kɔt̪ʰaʲ mon beɟar।"
আদরর কেলার বাকলঅ ভালা।,ad̪orɔr kelar baklo͡o̯ bʱala।
"আঁধারে কেলা দেহাইলে পাপঅ নাই, পুণ্যঅ নাই।","ãd̪ʱare kela d̪eha͡i̯le papæ na͡i̯, punno͡ɔ̯ na͡i̯।"
"আপনততুন পর ভালা, শহরততুন জঅল ভালা।","apnt̪ot̪un pɔr bʱala, ʃɔhorot̪ot̪un ɟɔ͡ɔ̯l bʱala।"
"আসল অরিয়ে ছালাম ন-পায়, চাচি অরিয়ে পা আউগায়।","aʃol ɔriʲe cʰalam n-paʲ, caci ɔriʲe pa a͡u̯gaʲ।"
আঁড়ে হইলে ঠাঁআরে বুঝে ভাঙ্গি কইলে বলদেঅ বুঝে।,ãɽe ho͡i̯le tʰãare buɟʱe bʱaŋgi ko͡i̯le bɔld̪e͡o̯ buɟʱe।
আঁড়ে কইলে ঠাঁআরে বুঝে ভাঙ্গি কইলে বলদেঅ বুঝে।,ãɽe ko͡i̯le tʰãare buɟʱe bʱaŋgi ko͡i̯le bɔld̪e͡o̯ buɟʱe।
আক্কল অলা কুইররে ছেই হন ন-পরে।,akkol ɔla ku͡i̯rɔre cʰe͡i̯ hɔn n-pɔre।
"আল্লা বাঁচক তোঁয়ারে, অয়াত গান দর্শক আঁরে।","alla bãcok t̪õʷare, ɔʲat̪ gan d̪ɔrʃok ãre।"
"আচ্ছা হোঁজা লই আইলে, কুডুমর নান লাগে হাইল্যে আতে আইলে কুডুম , মুইচ্যের নান লাগে।"," accʰa hõɟa lɔ͡i̯ a͡i̯le, kudumɔr nan lage ha͡i̯lle at̪e a͡i̯le kudum , mu͡i̯ccer nan lage।"
আদরর কুঁরি চৌগ ঠোঁরাই হায়।,ad̪orɔr kũri co͡u̯go tʰõra͡i̯ haʲ।
 আলগা চুলুর ঝুঁড়া ভঅর।, alga culur ɟʱũɽa bʱɔ͡ɔ̯r।
আধার ভাগ্য খোদায় মিলায়।,ad̪ʱar bʱaggo kʰod̪aʲ milaʲ।
"আছে গরু, ন-চয় হাল"," acʰe goru, -cɔʲ hal"
দুকখ ন-যায় চিরকাল।,d̪ukkʰo n-ɟaʲ cirkal।
আজাইরগা লোয়া পাইলে চেঁডতঅ হামি দিতো চায়।,aɟa͡i̯rga loʷa pa͡i̯le cẽdt̪ɔ hami d̪it̪o caʲ।
আঁর চেডর  বাল।,ãr cedor  bal।
আঁর চ'ইয়ারবাল।, ãr 'iʲarbal।
আঁধার পোয়া হানাইয়াঅ পারে।,ãd̪ʱar poʷa hana͡i̯ʲaʃ pare।
"আঁতি জুরিৎ পারে, কাছি জুরিৎ ন-পারে।","ãt̪i ɟurit pare, kacʰi ɟurit n-pare।"
অউনতুন আইলদা গরম।,ɔ͡u̯nt̪un a͡i̯ld̪a gɔrom।
"আগর হাল যিইককে যায়, পিছনদির হালঅ ইককে যায়।","agor hal ɟi͡i̯kke ɟaʲ, picʰond̪ir halo ikke ɟaʲ।"
"আজ্জের চৈলঅ গেল, ছ'অলঅ গাইন ন-অইল।"," aɟɟer co͡i̯lo͡o̯ gælo, 'ɔlo͡ɔ̯ ga͡i̯n n-ɔ͡i̯l।"
 আঁতি গাঁরাৎ পইরলে চামচিকাঅ থঅরায়।, ãt̪i gãrat̪ po͡i̯rle camocikak t̪ʰo͡ɔ̯raʲ।
"আইটটা কেলা নেয়ামত, হাইগদে সমত কেয়ামত।","a͡i̯tta kela neʲamɔt̪, ha͡i̯gd̪e ʃɔmɔt̪ keʲamɔt̪।"
" আঁতি ঘোরা গিয়ি তল, ভেরায় হয়দেহথ জল।"," ãt̪i gʱora giʲi t̪ɔl, bʱeraʲ hoʲd̪ehot̪ʰo ɟɔl।"
" আঁতি ঘোরা গিয়ি তল, ভেরায় কয়দে হথ জল।"," ãt̪i gʱora giʲi t̪ɔl, bʱeraʲ kɔʲd̪e hɔt̪ʰ ɟɔl।"
"আশ্বিন রাঁধি কাতিত খায়, যেই বর মাগে এই বর পায়।","aʃʃin rãd̪ʱi kat̪it̪o kʰaʲ, ɟe͡i̯ bɔr mage e͡i̯ bɔr paʲ।"
আতে ন-মারি ভাতে মারঅন।,at̪e n-mari bʱat̪e maron।
 আল ন-উইটতে বাক দে।,  al -u͡i̯tt̪e bak d̪e।
আতঅর ফেরঅদি ফানি ন-ফড়ন।, at̪ɔr pʰerod̪i pʰani -pʰoɽon।
আতঅর এরঅদিফানি ন-ফড়ন।, at̪ɔr erod̪ipʰani -pʰoɽon।
"আডর লাথি ঘাডর কিল, যার কোয়ালে যে জিতিল।","adr lat̪ʰi gʱador kil, ɟar koʷale ɟe ɟit̪il।"
"আডর মাছ কিনন্যায়অ মুলায়, ন কিনন্যাঅ মুলায়।","adr macʰ kinɔnɟaʲoʃ mulaʲ, n kinɔnna͡o̯ mulaʲ।"
আরা বছরর এবাদত এক্কই দিনে শেষ।,ara bɔcʰorɔr ebad̪ɔt̪o ækko͡i̯ d̪ine ʃeʃ।
আত্তান পাঁচ্চান ভাবি চঅন।,at̪t̪an pãccan bʱabi cɔ͡o̯n।
"আইল্যারলাই হাল, জাইল্যারলাই জাল বেরাইজ্যার আছে গাল।","a͡i̯llarla͡i̯ hal, ɟa͡i̯llarla͡i̯ ɟal bera͡i̯ɟɟar acʰe gal।"
" আরা বছর রামায়ণ ফরি, হইদে সীতা হার বাপ।"," ara bɔcʰor ramaʲon pʰori, ho͡i̯d̪e ʃit̪a har bap।"
"আপঅ মারঅন, লাডিঅ ন ভাঙ্গঅন।","apo maron, ladi͡ɔ̯ n bʱaŋgo͡o̯n।"
 আঁতি মইরলেও লাখ টিয়া।, ãt̪i mo͡i̯rle͡o̯ lakʰ tiʲa।
আঁতি মইরলেও দাত দি মরে।,ãt̪i mo͡i̯rle͡o̯ d̪at̪ d̪i more।
আগর আল জিকা ফরর আল ইকা।,agor al ɟika pʰɔror al ika।
"আঁতি যোগাইত পারে, কাছি যোগাইত ন পারে।","ãt̪i ɟoga͡i̯t̪o pare, kacʰi ɟoga͡i̯t̪o n pare।"
 আদরর কেলা আদধানঅ ভালা।, ad̪orɔr kela ad̪od̪ʱano bʱala।
"আগে ঘরঅত চেরাগ, পরে মছইদত।","age gʱɔrɔt̪o cerag, pɔre mɔcʰo͡i̯d̪ɔt̪।"
আঁ হইলে ঠাআরা বুঝন ফরিবু।,ã ho͡i̯le tʰa͡a̯ra buɟʱɔn pʰoribu।
আলা-বোলা জাইললে দোরা।, -bola ɟa͡i̯lle d̪ora।
"আরাদিন রোজা থাআই, ডুম মারি মারি পানি খাই।","arad̪in roɟa t̪ʰa͡a̯i, dum mari mari pani kʰa͡i̯।"
" আকাশর তারা, জবিনঅর নারা, পানির বাহল যে গনিত ন জানে তার হঅত্তর আহল।"," akaʃɔr t̪ara, ɟobinɔr nara, panir bahol ɟe gonit̪o n ɟane t̪ar hɔ͡o̯t̪t̪or ahol।"
"ইজ্জতর কুউরি, আগ পারে ছ'কুরি। "," iɟɟɔt̪ɔr ku͡u̯ri, ago pare 'kuri। "
"ইতার কথা উইতারে, ধরা পৈল্পে জানে মরে।","it̪ar kɔt̪ʰa u͡i̯t̪are, d̪ʱɔra po͡i̯lpe ɟane more।"
"ইজ্জতর কুউরি, আগ পারে ছ'কুরি। "," iɟɟɔt̪ɔr ku͡u̯ri, ago pare 'kuri। "
"ইতার কথা উইতারে, ধরা পৈল্পে জানে মরে।","it̪ar kɔt̪ʰa u͡i̯t̪are, d̪ʱɔra po͡i̯lpe ɟane more।"
ইবা ধরি না উইবা ধরি আতর পাঁচ নৈদ্য ছারি।,iba d̪ʱori na u͡i̯ba d̪ʱori at̪or pãc no͡i̯d̪d̪o cʰari।
ইতি নাই ভিডি নাই চৈধরীর পুত।,it̪i na͡i̯ bʱidi na͡i̯ co͡i̯d̪ʱorir put̪।
ইছাপুইজ্যা আচা হথা ফুলতানপুইজ্যা ছোঁচ কদলপুইজ্জা ভালা মানুষ,icʰapu͡i̯ɟɟa aca hɔt̪ʰa pʰult̪anpu͡i̯ɟɟa cʰõc kɔd̪olpu͡i̯ɟɟa bʱala manuʃ
উঅর ডঅর গোঁছ ।,u͡ɔ̯r do͡ɔ̯r gõcʰ ।
ইজ্জতর উত্তর বাট্টা বৈঅন।,iɟɟɔt̪ɔr ut̪t̪or batta bo͡i̯͡ɔ̯n।
"ইতার সামনে কিছু ন কইছ, ইতার পেডত আতুরি নাই।","it̪ar ʃamne kicʰu n ko͡i̯cʰo, it̪ar pedt̪o at̪uri na͡i̯।"
ইয়ালর হাছে কুরা বাগা দওন।,iʲalɔr hacʰe kura baga d̪ɔ͡o̯n।
ইয়ালরে ভাংয়া বেড়া ন-দেখাইছ।, iʲalre bʱaŋʲa beɽa -d̪ækʰa͡i̯cʰo।
"ইছে কুড়িলে মিছে, বাইলে আত দিলি ফাইলে, ধাইলে ফোন মারাইলে।","icʰe kuɽile micʰe, ba͡i̯le at̪o d̪ili pʰa͡i̯le, d̪ʱa͡i̯le pʰon mara͡i̯le।"
"বাইলে মাছ ধরতে পারলে ভালো, পালিয়ে গেলে সব ভেস্তে গেল।","ba͡i̯le macʰ d̪ʱort̪e parle bʱalo, paliʲe gele ʃɔb bʱest̪e gælo।"
উরিবদে পাখি ইবে বাতাসঅত অ ফরফরায়।,uribd̪e pakʰi ibe bat̪aʃɔt̪o ɔ pʰɔrpʰɔraʲ।
"উঝার ভা ঘর, বৈদ্যর বউর নিত্যি জ্বর।","uɟʱar bʱa gʱɔr, bo͡i̯d̪d̪or bɔ͡u̯r nit̪t̪i ɟɔr।"
"উঅরতুন পইযযে বুরি, তিন ঠেং উয়া গরি।","u͡ɔ̯rt̪un po͡i̯ɟɟe buri, t̪in tʰeŋ uʲa gori।"
"উঅরতুন পইযযেবুরি, তিন ঠেং খাড়া গরি।","u͡ɔ̯rt̪un po͡i̯ɟɟeburi, t̪in tʰeŋ kʰaɽa gori।"
উঅট্টাইল্ল্যার হৈলে দিষ্টি।,u͡ɔ̯tta͡i̯llær ho͡i̯le d̪iʃti।
ঐট্টাইল্ল্যার হৈলে দিষ্টি।,o͡i̯tta͡i̯llær ho͡i̯le d̪iʃti।
উছুলত আনি নাই।,ucʰulɔt̪o ani na͡i̯।
"উঅরদি ফিটফাট, ভিতদি সদর ঘাট।","u͡ɔ̯rod̪i pʰitpʰat, bʱit̪od̪i ʃɔd̪ɔr gʱat।"
উঁজি হাঁংগা বইলে মোহরানা মাফ।,ũɟi hãŋga bo͡i̯le mohorana mapʰ।
যাচিয়েরে হাঁংগা বইলে মোহরানা মাফ।,ɟaciʲere hãŋga bo͡i̯le mohorana mapʰ।
উইয়র পোঁদে ফইর গজাইলি আচ্চান ছুঁইত অ চায়।,u͡i̯ʲr põd̪e pʰo͡i̯r gɔɟa͡i̯li accan cʰũit̪o ɔ caʲ।
উরতথাই তিন্নান তিন্নান লাগঅন।,urt̪ɔt̪ʰa͡i̯ t̪innan t̪innan lagɔn।
"উঅরে বাবুয়ানা, ভিতদদি খেরর বেনা।","u͡ɔ̯re babuʲana, bʱit̪d̪d̪i kʰerɔr bena।"
উইদ্যা মাথা চুঁড়া গাই তারারে দেইলে যাত্রা নাই।,u͡i̯d̪d̪a mat̪ʰa cũɽa ga͡i̯ t̪arare d̪e͡i̯le ɟat̪ra na͡i̯।
উড়ি আই জুরি বৈঅন।,uɽi a͡i̯ ɟuri bo͡i̯͡ɔ̯n।
"উইত অই ফরি মরি যার, অতিনে হদ্দে শালুক হার।","u͡i̯t̪o ɔ͡i̯ pʰori mori ɟar, ot̪ine hod̪d̪e ʃaluk har।"
"উইত অই ফরি মরি যার, অতিনে হদ্দে শালুক খার।","u͡i̯t̪o ɔ͡i̯ pʰori mori ɟar, ot̪ine hod̪d̪e ʃaluk kʰar।"
উসতাদর মাইর পোঁয়াইতা রাইতা।,ust̪ad̪ɔr ma͡i̯r põʷa͡i̯t̪a ra͡i̯t̪a।
উসতাদর মাইর শেষ রাইতা।,ust̪ad̪ɔr ma͡i̯r ʃeʃ ra͡i̯t̪a।
উতৈর্গা মাইনসর ভূতৈর্গা বুদ্ধি দইনর মানুষ সাদা পুদির মানুষ চান সয়দাগর পছিমের মানুষ গাধা।,ut̪o͡i̯rga ma͡i̯nʃɔr bʱut̪o͡i̯rga bud̪d̪ʱi d̪inor manuʃ ʃad̪a pud̪ir manuʃ can ʃɔʲd̪agor pocʰimer manuʃ gad̪ʱa।
উআইস্যার লাই ধান ফুআৎ খাইয়াল্লাই ভাত পাআৎ।,u͡a̯iʃʃar la͡i̯ d̪ʱan pʰu͡a̯t̪ kʰa͡i̯ʲalla͡i̯ bʱat̪ pa͡a̯t̪।
উইত গৈললে দুই টিয়া চিত গৈললে দুই বিছা।,u͡i̯t̪o go͡i̯lle d̪u͡i̯ tiʲa cit̪o go͡i̯lle d̪u͡i̯ bicʰa।
"উড়াৎ খঅন, মসইদৎ লুডন।","uɽat̪ kʰɔ͡o̯n, mɔʃo͡i̯d̪ɔt̪ ludɔn।"
উঁজু উঁজু হুইচ চালাইত ন-জানে দে বেহা উনত অ হাডাইত জানে।,ũɟu ũɟu hu͡i̯c cala͡i̯t̪o n-ɟane d̪e beha unot̪o ɔ hada͡i̯t̪o ɟane।
উদঅ তাবিজর জোরে নো অয় কেঁএইলর জোরঅ লায়।,ud̪o͡ɔ̯ t̪abiɟɔr ɟore no ɔʲ kẽe͡i̯lɔr ɟoro laʲ।
"উন্নিশ টিয়া হজ্জ অইয়ে দে নঅ, আর এক টিয়ারলাই ফোয়ায় মিডা ন হাইব না?","unniʃ tiʲa hɔɟɟo ɔ͡i̯ʲe d̪e nɔ͡o̯, ar æk tiʲarla͡i̯ pʰoʷaʲ mida n ha͡i̯bo na?"
উনা ভাতে দুনা বল বেশি ভরা পেডে রসাতল।,una bʱat̪e d̪una bɔl beʃi bʱɔra pede rɔʃat̪ɔl।
উনা ভাতে দুনা বল বেশি খাইলে পেডে রসাতল।,una bʱat̪e d̪una bɔl beʃi kʰa͡i̯le pede rɔʃat̪ɔl।
উঁজু ওঁলে ঘি ন-উডে।,ũɟu õle gʱi n-ude।
"ঋণ গরি খায়, হেষ্ট মাথায় থায়।","rin gori kʰaʲ, heʃto mat̪ʰaʲ t̪ʰaʲ।"
হেষ্ট মাথায় থাকে।,heʃto mat̪ʰaʲ t̪ʰake।
"এক মলইর ধরা, আর-এক জলইর ধরা।","æk mɔlir d̪ʱɔra, ar-æk ɟɔlir d̪ʱɔra।"
"একজনর হতাত দশজন আঁসিলে ইতারে হইদে রইস্যা, নিজর হতাত নিজে আঁসিলে ইতারে হইদে বেইশ্যা।","ækɟonor hɔt̪at̪ d̪ɔʃɟɔn ãʃile it̪are ho͡i̯d̪e ro͡i̯ʃʃa, niɟɔr hɔt̪at̪ niɟe ãʃile it̪are ho͡i̯d̪e be͡i̯ʃʃa।"
"একজনর হতাত দশজন হাসিলে ইতারে হইদে রইস্যা, নিজর হতাত নিজে হাসিলে ইতারে হইদে বেইশ্যা।","ækɟonor hɔt̪at̪ d̪ɔʃɟɔn haʃile it̪are ho͡i̯d̪e ro͡i̯ʃʃa, niɟɔr hɔt̪at̪ niɟe haʃile it̪are ho͡i̯d̪e be͡i̯ʃʃa।"
এক ইয়েলে মাতিলে আর এক ইয়ালর বদা টনটনায়।,æk iʲele mat̪ile ar æk iʲalɔr bɔd̪a tɔntonaʲ।
এক শিয়ালে মাতিলে আর এক শিয়ালর বদা টনটনায়।,æk ʃiʲale mat̪ile ar æk ʃiʲalɔr bɔd̪a tɔntonaʲ।
এই আইলর পানি ঐ আইলৎ ন-যা।,e͡i̯ a͡i̯lɔr pani o͡i̯ a͡i̯lɔt̪ n-ɟa।
"এক হথায়অ পণ্ডিতি ন-যায়, এক ঝরে-অ বারিষ ন-যায়।"," æk hɔt̪ʰaʲɔ pondit̪i n-ɟaʲ, æk ɟʱɔre- bariʃ n-ɟaʲ।"
এক গুলিয়ে দুই দুই বাগ মারন।,æk guliʲe d̪u͡i̯ d̪u͡i̯ bag maron।
"এক ঘরৎ তিন জন চতুর, এক জন মৈরলে পাঁজ্জন আঁতুর।","æk gʱɔrt̪ t̪in ɟɔn cot̪ur, æk ɟɔn mo͡i̯rle pãɟɟon ãt̪ur।"
"এক জিদে মরে, আর এক বাদে মরে।","æk ɟid̪e more, ar æk bad̪e more।"
এক মৈগে পাতৎ ভাত দুই মৈগে গালৎ হাত।,æk mo͡i̯ge pat̪ot̪ bʱat̪ d̪u͡i̯ mo͡i̯ge galot̪ hat̪।
এক মৈগে পাতৎ ভাত দুই মৈগে গালৎ আত।,æk mo͡i̯ge pat̪ot̪ bʱat̪ d̪u͡i̯ mo͡i̯ge galot̪ at̪o।
একর কেডি ভালা।,ækor kedi bʱala।
"এক সের চৈলর পাঁচচান পিডা, যার কথা ফুনি তার কথা মিডা। ","æk ʃer co͡i̯lor pãccan pida, ɟar kɔt̪ʰa pʰuni t̪ar kɔt̪ʰa mida। "
"এক সের চৈলর পাঁচচান পিডা, যার কথা হুনি তার কথা মিডা।","æk ʃer co͡i̯lor pãccan pida, ɟar kɔt̪ʰa huni t̪ar kɔt̪ʰa mida।"
এক হাতে তালি ন-বাজে।,æk hat̪e t̪ali n-baɟe।
এক আতে তালি ন-বাজে।,æk at̪e t̪ali n-baɟe।
"এক হারাই বুঝে, আর এক মারাই বুঝে।","æk hara͡i̯ buɟʱe, ar æk mara͡i̯ buɟʱe।"
"এরিঅ ন দে, বেরিঅ মারে।","eri͡o̯ n d̪e, beri͡o̯ mare।"
এলেমততুন হেলেমর জোর বেশি।,elemt̪ɔt̪un helemɔr ɟor beʃi।
"এক পাতিলা নারিচ শাক তিন পাতিলা পানি, বায়পুতে যুক্তি গরি পাইয়িদে রাঁনি।","æk pat̪ila naricɔ ʃak t̪in pat̪ila pani, baʲput̪e ɟukt̪i gori pa͡i̯ʲid̪e rãni।"
"এক পাতিলা নারিচ হাক তিন পাতিলা পানি, বায়পুতে যুতি গরি পাইয়িদে রাঁনি।","æk pat̪ila naricɔ hak t̪in pat̪ila pani, baʲput̪e ɟut̪i gori pa͡i̯ʲid̪e rãni।"
 এক একাদশী ছারাই তিরিশ রোজা বাযন।, æk ækad̪ʃi cʰara͡i̯ t̪iriʃ roɟa baɟon।
"এক শাড়ি ন বিবি, যে পিন্দে তেই বিবি।","æk ʃaɽi n bibi, ɟe pind̪e t̪e͡i̯ bibi।"
এককান খের ছিড়ি দুইআন ন গরন।,ækkan kʰer cʰiɽi d̪u͡i̯͡a̯n n gɔron।
"এক টিয়া দিলি রুই দিইয়ুম, দুই টিয়া দিলি হারি দিইয়ুম।","æk tiʲa d̪ili ru͡i̯ d̪i͡i̯ʲum, d̪u͡i̯ tiʲa d̪ili hari d̪i͡i̯ʲum।"
"এক টিয়া দিলি রুই দিইয়ুম, দুই টিয়া দিলি আরি দিইয়ুম।","æk tiʲa d̪ili ru͡i̯ d̪i͡i̯ʲum, d̪u͡i̯ tiʲa d̪ili ari d̪i͡i̯ʲum।"
একবার আগি তিনবার ফিরি চঅন।,ækbar agi t̪inbar pʰiri cɔ͡o̯n।
এক লাথিয়ে ভালা মাইনষর ইজ্জত ন-যায়।,æk lat̪ʰiʲe bʱala ma͡i̯nʃɔr iɟɟɔt̪ n-ɟaʲ।
এ হন কলিত আইলাম রাড়ির পোয়া সতীর গরে বিচার।,e hɔn kolit̪o a͡i̯lam raɽir poʷa ʃot̪ir gore bicar।
"এক ঝড়ে বারিষ ন-যায়, এক মাঘে শীত ন-যায় এক কথায় পণ্ডিতি ন-যায়।","æk ɟʱɔɽe bariʃ n-ɟaʲ, æk magʱe ʃit̪ n-ɟaʲ æk kɔt̪ʰaʲ pondit̪i n-ɟaʲ।"
"এক ঝড়ে বাইরা ন-যায়, এক মাঘে শীত ন-যায় এক কথায় পণ্ডিতি ন-যায়।","æk ɟʱɔɽe ba͡i̯ra n-ɟaʲ, æk magʱe ʃit̪ n-ɟaʲ æk kɔt̪ʰaʲ pondit̪i n-ɟaʲ।"
"এক মন এক ধ্যাঅন, তারে কয়দে মইগ্যার জ্ঞান।","æk mon æk d̪ʱæ͡ɔ̯n, t̪are kɔʲd̪e mo͡i̯ggar gæn।"
"এক বুঝে গায়, এক বুঝে মায়।","æk buɟʱe gaʲ, æk buɟʱe maʲ।"
"এক ঘরঅত তিন রাঁধনি, পুড়ি মরের ফেন গালনি ।","æk gʱɔrɔt̪o t̪in rãd̪ʱoni, puɽi mɔrer pʰen galoni ।"
একেত উলাইল্যা বুড়ি আরঅ পইরজ্যে ঢোলঅর বারি।,æket̪ ula͡i̯lla buɽi arɔ͡o̯ po͡i̯roɟɟe dʱolɔr bari।
"এরি খাইৎ ন-পারে যারে, জাঁচি উধার দেঅন পড়ে তারে।","eri kʰa͡i̯t̪ n-pare ɟare, ɟãci ud̪ʱar d̪æ͡o̯n pɔɽe t̪are।"
এক গাছঅর ছাল আরেক গাছৎ ন লাগে। ,æk gacʰɔr cʰalo arek gacʰot̪ n lage। 
এক্কানা পোয়ার হ্যাতরা গোস্স্সা কিল খাইবার বড় দশা।,ækkana poʷar hæt̪ɔra gossa kil kʰa͡i̯bar bɔɽo d̪ɔʃa।
একজনে টেইত পলল দেয়,ækɟone te͡i̯t̪o pɔlolo d̪eʲ
এক গাতা হাল চইলে বুঝা যায় হন ক্যান ভালা?,æk gat̪a hal co͡i̯le buɟʱa ɟaʲ hɔn kæn bʱala?
"এক জামাই হারাম, আর-এক বিলাই হারাম।","æk ɟama͡i̯ haram, ar-æk bila͡i̯ haram।"
এক মণ দুধঅত এক ফোঁডা চনা।,æk mɔn d̪ud̪ʱɔt̪o æk pʰõda cɔna।
এক্কই ফইরর মাছ।,ækko͡i̯ pʰo͡i̯rɔr macʰ।
ও এক্কই বোতলর ফানি।,o ækko͡i̯ bot̪olɔr pʰani।
ঐতকাইল্যা দিন নাইরে নাতি খাবলা খাবলা দধি খাতি।,o͡i̯t̪ka͡i̯lla d̪in na͡i̯re nat̪i kʰabla kʰabla d̪od̪ʱi kʰat̪i।
ওজন বুঝি ভোজন গরন।,oɟon buɟʱi bʱoɟon gɔron।
অনত্ পানি পড়অন।,ɔnɔt̪ pani pɔɽɔn।
ওঁর ন-পঅন।,õr n-pɔ͡o̯n।
ওদা ধানর চৈল দড়অ গোদা ঠেঙয়র লাথি দড়অ।,od̪a d̪ʱanɔr co͡i̯l d̪ɔɽɔ god̪a tʰeŋʲor lat̪ʰi d̪ɔɽɔ।
ওঁগগা ভাত টিবি চাইলে বেয়াগ ভাতের খবর পঅন যায়।,õgga bʱat̪ tibi ca͡i̯le beʲag bʱat̪er kʰɔbor pɔ͡o̯n ɟaʲ।
ওরে যাদুর হৈছালি বৈদ্য ধরি ন চাআলি।,ore ɟad̪ur ho͡i̯cʰali bo͡i̯d̪d̪o d̪ʱori n ca͡a̯li।
ওলইলে গারাৎ ফরে বঅই থাইলে পরানে মরে।,olile garat̪ pʰɔre bɔ͡o̯i t̪ʰa͡i̯le pɔrane more।
ওঁল ফুলি কেলাগাছ অন।,õl pʰuli kelagacʰ ɔn।
ঔগওয়া ভাতৎ দুওয়া চৈল দুই অতীনের এত কৈল।,o͡u̯goʷa bʱat̪ot̪ d̪u͡o̯ʷa co͡i̯l d̪u͡i̯ ot̪iner æt̪o ko͡i̯l।
ঔনৎ যাই ফিরিং পড়অন।,o͡u̯not̪ ɟa͡i̯ pʰiriŋ pɔɽɔn।
ঔনৎ যাই ফিরিং পরন।,o͡u̯not̪ ɟa͡i̯ pʰiriŋ pɔron।
কেডি কুত্তর ঘেডঘেডি বেশ।,kedi kut̪t̪or gʱedgʱedi beʃ।
কেডি কুইরর ঘেডঘেডি বেশ।,kedi ku͡i̯rɔr gʱedgʱedi beʃ।
কানা চৌগত ঘুম বেশি।,kana co͡u̯gɔt̪o gʱum beʃi।
হানা চৌগত ঘুম বেশি।,hana co͡u̯gɔt̪o gʱum beʃi।
"কেঅর ফোঁদদি বাঁশ যার, কেঅ বই-বই গিরা গনের।","ke͡ɔ̯r pʰõd̪od̪i bãʃ ɟar, ke͡o̯ bo͡i̯-bo͡i̯ gira gɔner।"
ক্যাডার লাই গিলিত ন-ফারের ফোয়াদঅর লাই পেলাইত ন-ফারের।,kædar la͡i̯ gilit̪o n-pʰarer pʰoʷad̪ɔr la͡i̯ pela͡i̯t̪o n-pʰarer।
হানা চৌগৎ কুঁড় পরে ভাঙ্গা ঠেং গাঁতৎ পরে।,hana co͡u̯gɔt̪ kũɽo pɔre bʱaŋga tʰeŋ gãt̪t̪ pɔre।
কানা চৌগৎ কুঁড় পরে ভাঙ্গা ঠেং গাঁতৎ পরে।,kana co͡u̯gɔt̪ kũɽo pɔre bʱaŋga tʰeŋ gãt̪t̪ pɔre।
"কেলারে দলা, হলৈদরে ছাই বৌঅরে সেবিলে পুতরে পাই।","kelare d̪ɔla, holo͡i̯d̪ɔre cʰa͡i̯ bo͡u̯ɔre ʃebile put̪ɔre pa͡i̯।"
"কেলারে দলা, ছৈঁঅরে গিল গরুরে নাফা, বৌঅরে কিল।","kelare d̪ɔla, cʰo͡ĩ̯ɔre gil gorure napʰa, bo͡u̯ɔre kil।"
কইলকতার তুন আইনলাম বউ গলা ভরা পুতি বাইন দুয়ার দি যারগই বউ চুলা ভরি মুতি।,kɔ͡i̯lokɔt̪ar t̪un a͡i̯nlam bɔ͡u̯ gɔla bʱɔra put̪i ba͡i̯n d̪uʲar d̪i ɟargi bɔ͡u̯ cula bʱori mut̪i।
কানারে আনা দেহঅন।,kanare ana d̪ehɔn।
কাজির গরু আছে গনাৎ তোয়াই ন-পায় গোয়াইলৎ।,kaɟir goru acʰe gɔnat̪ t̪oʷa͡i̯ n-paʲ goʷa͡i̯lɔt̪।
বাঁআলে বুঝে থাপ্পর-চোয়ারে।,bãale buɟʱe t̪ʰappor-coʷare।
"কি কইয়ম বাঁআলরে, তে ন-বুঝে ঠারে-ঠুরে, দুই চাইর লাথি পৈরল্লে ঘাঁরে, তই বাঁআলে বুজিৎ পারে।","ki ko͡i̯ʲom bãalɔre, t̪e n-buɟʱe tʰare-tʰure, d̪u͡i̯ ca͡i̯r lat̪ʰi po͡i̯rolle gʱãre, t̪o͡i̯ bãale buɟit̪ pare।"
কেঁডি কুত্তার ঘেডিত বল।,kẽdi kut̪t̪ar gʱedit̪o bɔl।
কলি হাইল্যার ফোয়া মাডিত পইরলে লোয়া।,koli ha͡i̯lær pʰoʷa madit̪o po͡i̯rle loʷa।
হইলে কথা লারাচারা ন কইলে কথা পেডভরা।,ho͡i̯le kɔt̪ʰa laracara n ko͡i̯le kɔt̪ʰa pedbʱɔra।
কইলে কথা লারাচারা ন কইলে কথা পেডভরা।,ko͡i̯le kɔt̪ʰa laracara n ko͡i̯le kɔt̪ʰa pedbʱɔra।
কেঅয় এক গলা পানিৎ নামইলে তার লাই কমত্ এক আঁডু পানিৎ নামা ফরে।,ke͡ɔ̯ʲo æk gɔla panik namile t̪ar la͡i̯ kɔmot̪ æk ãdu panik nama pʰɔre।
কোলৎ ব'ই দাঁড়ি হাঁরঅন।,kolot̪ bo'i d̪ãɽi hãrɔn।
কুইরে কঅরায় আঁডুর নীচে।,ku͡i̯re koraʲ ãdur nice।
কোলৎ মারে ত পৌশশঅন ন দেয়।,kolot̪ mare t̪o po͡u̯ʃʃɔn n d̪eʲ।
কানা চৌগৎ ঘুম চেতন এক হোয়ান।,kana co͡u̯gɔt̪ gʱum cet̪on æk hoʲan।
কোয়ালঅ খাজ্জন ছালামঅ গরঅন।,koʷalo kʰaɟɟon cʰalamk gɔron।
কিলঅর চোডে বিলঅর মাছ খাবি।,kilɔr code bilɔr macʰ kʰabi।
কিলঅরে ভূতে পেরতেঅ ডরায়।,kilɔre bʱut̪e perot̪e͡o̯ dɔraʲ।
কামাইগার দা কামাইর্গা হঁত্তে হারাপ হয় না।,kama͡i̯gar d̪a kama͡i̯rga hɔ̃t̪t̪e harap hɔʲ na।
কালা মেঘ আলাবালা সাদা মেঘে বরে ভালা।,kala megʱ alabala ʃad̪a megʱe bɔre bʱala।
কথা হইয়ুম আরে ঠারে।,kɔt̪ʰa ho͡i̯ʲum are tʰare।
হথা হইয়ুম আরে ঠারে।,hɔt̪ʰa ho͡i̯ʲum are tʰare।
বুঝি লইবা আক্কলঅর জোরে।,buɟʱi lɔ͡i̯ba akkolɔr ɟore।
হার ঘরর সোনা হার ঘরৎ গরায়।,har gʱɔror ʃona har gʱɔrt̪ gɔraʲ।
কার ঘরর সোনা কার ঘরৎ গরায়।,kar gʱɔror ʃona kar gʱɔrt̪ gɔraʲ।
হার দুক হনে বুঝে।,har d̪uk hone buɟʱe।
কার দুক হনে বুঝে।,kar d̪uk hone buɟʱe।
যার যার পেডৎ তে তে গুঁজে।,ɟar ɟar pedot̪ t̪e t̪e gũɟe।
বাঁঅলর বুদ্ধি দাঁতত।,bãɔlɔr bud̪d̪ʱi d̪ãt̪t̪o।
হারিগরর ভাঙ্গা ঘর বৈদ্যের মৌগততুন নিত্তি জ্বর।,harigɔrɔr bʱaŋga gʱɔr bo͡i̯d̪d̪er mo͡u̯gɔt̪ot̪un nit̪t̪i ɟɔr।
"কেলার ভূতর বাঁইটঠা, ঘেডর ভুতর ঘাইটঠা মাছের ভুতর লইটঠা, দেশর ভুঁতর পইটঠা।","kelar bʱut̪ɔr bãittʰa, gʱedor bʱut̪or gʱa͡i̯ttʰa macʰer bʱut̪or lɔ͡i̯ttʰa, d̪eʃɔr bʱũt̪ɔro po͡i̯ttʰa।"
হোন পাইলে দোন চায় বইসতঅ পাইরলে হুতঅ চায়।,hon pa͡i̯le d̪on caʲ bo͡i̯ʃt̪o͡o̯ pa͡i̯͡i̯le hut̪o caʲ।
কোন পাইলে দোন চায় বইসতঅ পাইরলে হুতঅ চায়।,kon pa͡i̯le d̪on caʲ bo͡i̯ʃt̪o͡o̯ pa͡i̯͡i̯le hut̪o caʲ।
হোয়ালর দোষে ভাত নৃ-মিলে ভিডারে গাইলদে রাইৎ পোয়াইলে।, hoʷalɔr d̪oʃe bʱat̪ nri- bʱidare ga͡i̯ld̪e ra͡i̯ʃ poʷa͡i̯le।
কোয়ালর দোষে ভাত নৃ-মিলে ভিডারে গাইলদে রাইৎ পোয়াইলে।, koʷalɔr d̪oʃe bʱat̪ nri- bʱidare ga͡i̯ld̪e ra͡i̯ʃ poʷa͡i̯le।
কিঅর মাঝৎ কী? পানি ভাতৎ ঘি।,ki͡ɔ̯r maɟʱɔt̪ ki? pani bʱat̪ot̪ gʱi।
বাজঁলর ফেডে ঘি ভাত ন-জারে।, baɟ̃lɔr pʰede gʱi bʱat̪ -ɟare।
কুত্তর ফেডে ঘি ভাত ন-জারে।, kut̪t̪or pʰede gʱi bʱat̪ -ɟare।
বাজঁলর ফেডে ঘি ভাত ন-জারে।, baɟ̃lɔr pʰede gʱi bʱat̪ -ɟare।
কুইরর ফেডে ঘি ভাত ন-জারে।, ku͡i̯rɔr pʰede gʱi bʱat̪ -ɟare।
কুত্তার লেজ চৈদ্দ বছর চুঙ্গাত ভইরলেঅ সোজা নো-অয়।,kut̪t̪ar leɟ co͡i̯d̪d̪o bɔcʰor cuŋgat̪ bʱo͡i̯rle͡o̯ ʃoɟa no-ɔʲ।
হাইল বেইননার পোয়া।,ha͡i̯l be͡i̯nnar poʷa।
কাইল বেইননার পোয়া।,ka͡i̯l be͡i̯nnar poʷa।
কেলাদি পোয়া ভারন।,kelad̪i poʷa bʱaron।
কেছ্য তুইলতে আপ উডন।,kecʰo t̪u͡i̯lt̪e ap udon।
কুইচ্ছারে বড় চৌঅগ দিলে পাত্তাল ছেদিব।,ku͡i̯ccʰare bɔɽo co͡u̯ɔg d̪ile pat̪t̪al cʰed̪ibo।
কর্তার ইচ্ছাতে অয় উলুবনৎ কীর্তন।,kɔrt̪ar iccʰat̪e ɔʲ ulubɔnoʃ kirt̪on।
"হোয়ালর চামও চাম, চেঁডর চামও চাম।","hoʷalɔr camo cam, cẽdɔr camo cam।"
"কোয়ালর চামও চাম, চেঁডর চামও চাম।","koʷalɔr camo cam, cẽdɔr camo cam।"
কেঁডাদি কেঁডা তোলন।,kẽdad̪i kẽda t̪olon।
হৈঅর তেল দি কৈ ভাজন।,ho͡i̯͡ɔ̯r t̪el d̪i ko͡i̯ bʱaɟon।
কৈঅর তেল দি হৈ ভাজন।,ko͡i̯͡ɔ̯r t̪el d̪i ho͡i̯ bʱaɟon।
কেঅয় হাড়ে ধারে কেঅয় হাডে ভারে।,ke͡ɔ̯ʲo haɽe d̪ʱare ke͡ɔ̯ʲo hade bʱare।
"কেউ জাল মাইজ্জি, কেউ ভুলঅ ধইজ্জি।","ke͡u̯ ɟal ma͡i̯ɟɟi, ke͡u̯ bʱulo d̪ʱo͡i̯ɟɟi।"
কেলা চুরির ফাঁসি নাই।,kela curir pʰãsi na͡i̯।
হানৎ হলম রাই আরা দুনিয়াই তোয়অন।,hanot̪ holom ra͡i̯ ara d̪uniʲa͡i̯ t̪oʲo͡ɔ̯n।
কানৎ হলম রাই আরা দুনিয়াই তোয়অন।,kanoʃ holom ra͡i̯ ara d̪uniʲa͡i̯ t̪oʲo͡ɔ̯n।
কানর সোনায় হান হাডে।,kanɔr ʃonaʲ han hade।
হানর সোনায় হান হাডে।,hanor ʃonaʲ han hade।
কিলর চোডে বিলর মাছ খাবি।,kilɔr code bilɔr macʰ kʰabi।
কী গরিব ফুতে হান বেআরি-লগে হুতে।, ki gorib pʰut̪e han be͡a̯ri- hut̪e।
কী গরিব ফুতে হান বেআরি-লগে ফুঁতে।, ki gorib pʰut̪e han be͡a̯ri- pʰũt̪e।
ক্ষুধা থাইলে উদঅ হাইবো।,kʰud̪ʱa t̪ʰa͡i̯le ud̪o͡ɔ̯ ha͡i̯bo।
কিসতা মিসতা নাইরকলর চুঁছ বাপততে ন উইটটে দাঁরি ফোয়াততে উইটটে মোছ।,kist̪a mist̪a na͡i̯rɔkɔlɔr cũcʰo bapt̪t̪e n u͡i̯tte d̪ãri pʰoʷat̪t̪e u͡i̯tte mocʰo।
কুইচ্যারে বর চৌগ ন-দেখাইস।, ku͡i̯ccare bɔr co͡u̯go -d̪ækʰa͡i̯ʃ।
"হোদালে বুক টানে, পিঠ ন-টানে।","hod̪ale buk tane, pitʰ n-tane।"
"কোদালে বুক টানে, পিঠ ন-টানে।","kod̪ale buk tane, pitʰ n-tane।"
"কুত্ত যতই স্ট্যান্ডার্ড অউক, যাইয়েরে লুডে দে ছাইয়ুত।","kut̪t̪o ɟɔt̪o͡i̯ standard ɔ͡u̯k, ɟa͡i̯ʲere lude d̪e cʰa͡i̯ʲut̪।"
খুরমা ফাইয়ে ফান গরের।,kʰurma pʰa͡i̯ʲe pʰan gɔrer।
"খাইবের সমত বারো ভাই, পোয়া লনঅর সমত কেঅয় নাই।","kʰa͡i̯ber ʃɔmɔt̪ baro bʱa͡i̯, poʷa lɔnɔr ʃɔmɔt̪ ke͡ɔ̯ʲo na͡i̯।"
খাইত পাইলে ফইরা ভালা খাইত ন-পাইললে ফইরা হালা।, kʰa͡i̯t̪o pa͡i̯le pʰo͡i̯ra bʱala kʰa͡i̯t̪o -pa͡i̯lle pʰo͡i̯ra hala।
খোদ অউরি ছালাম ন-পায় মঈ অউরি ডেইলা বায়।,kʰod̪ ɔ͡u̯ri cʰalam n-paʲ mɔ͡i̯ ɔ͡u̯ri de͡i̯la baʲ।
খাই দাই মনত পইজ্জে আঁর অউরি ফইরুত গেইয়ি।,kʰa͡i̯ d̪a͡i̯ monot̪o po͡i̯ɟɟe ãr ɔ͡u̯ri pʰo͡i̯rut̪ ge͡i̯ʲi।
খায় ছুতা নাতা ন ছাড়ে বরাইয়্যা কথা।,kʰaʲ cʰut̪a nat̪a n cʰaɽe bɔra͡i̯ʲla kɔt̪ʰa।
খাল কাডি কুমির ঘল্লান।,kʰalo kadi kumir gʱɔllan।
খালৎ থাইলে জোরৎ থায় খাল ফুয়াইলে জোরঅ ফুয়ায়।,kʰalot̪ t̪ʰa͡i̯le ɟorɔt̪ t̪ʰaʲ kʰalo pʰuʲa͡i̯le ɟoro pʰuʲaʲ।
খাইল্যা ঘড়া বাজে বেশি রূপ নাই বেডীর হাজন বেশি।,kʰa͡i̯lla gʱɔɽa baɟe beʃi rup na͡i̯ bedir haɟon beʃi।
"খর আম খাই, খায় পানি পোন্দে কয়, আঁই ন জানি।","kʰɔr am kʰa͡i̯, kʰaʲ pani pond̪e kɔʲ, ãi n ɟani।"
খাই গেইয়ে মোছওয়ালা বাজি গিয়ে দাড়িওয়ালা।,kʰa͡i̯ ge͡i̯ʲe mocʰoʷala baɟi giʲe d̪aɽi͡o̯ʷala।
খাজানাততুন বাজানা বেশি।,kʰaɟanat̪ot̪un baɟana beʃi।
"খাইয়ুম খাইয়ুম পেড ভরি খাইয়ুম, ধাইয়ুম ত ধাইয়ুম দেশ ছাড়ি ধাইয়ুম।","kʰa͡i̯ʲum kʰa͡i̯ʲum ped bʱori kʰa͡i̯ʲum, d̪ʱa͡i̯ʲum t̪o d̪ʱa͡i̯ʲum d̪eʃ cʰaɽi d̪ʱa͡i̯ʲum।"
"খাইয়ুম খাইয়ুম পেড ভরি খাইয়ুম, ধাইয়ুম ত ধাইয়ুম রাজ্য ছাড়ি ধাইয়ুম।","kʰa͡i̯ʲum kʰa͡i̯ʲum ped bʱori kʰa͡i̯ʲum, d̪ʱa͡i̯ʲum t̪o d̪ʱa͡i̯ʲum raɟɟo cʰaɽi d̪ʱa͡i̯ʲum।"
খাউযযনি উইট্রে দে না।,kʰa͡u̯ɟɟoni u͡i̯tre d̪e na।
"খাইত ন-জাইলে মরে, বইত ন-জাইনলে লরে।"," kʰa͡i̯t̪o n-ɟa͡i̯le more, bo͡i̯t̪o -ɟa͡i̯nle lɔre।"
খোদ অউরি ছালাম ন-পায় মউই অউরি ডেউলা বায়।,kʰod̪ ɔ͡u̯ri cʰalam n-paʲ mɔ͡u̯i ɔ͡u̯ri de͡u̯la baʲ।
খাইতে খাইতে গলা বারে আইটতে আইটতে নলা বারে।,kʰa͡i̯t̪e kʰa͡i̯t̪e gɔla bare a͡i̯tt̪e a͡i̯tt̪e nɔla bare।
খওর আর মাসর তেরো দিন গনর।,kʰor ar maʃor t̪ero d̪in gɔnor।
খালৎ পানি ত ঝোরাৎ পানি।,kʰalot̪ pani t̪o ɟʱorat̪ pani।
খোশ হবর মিছে অইলেঅ ভালা।,kʰoʃ hɔbor micʰe æ͡i̯le͡o̯ bʱala।
খোশ হবর ঝুটা অইলেঅ ভালা।,kʰoʃ hɔbor ɟʱuta æ͡i̯le͡o̯ bʱala।
গালত্তোবারে গরাস ডঅর।,galot̪t̪obare gɔraʃ do͡ɔ̯r।
গরুতুন পুছার লই আল ন-চয়।, gorut̪un pucʰar lɔ͡i̯ al -cɔʲ।
গালঅর বাআরদি হথা হঅন।,galɔr ba͡a̯cʰod̪i hɔt̪ʰa hɔ͡o̯n।
গিরস্থর বউ খারাপ অইদে নিত্যি নাইয়রে গিরস্থর ঝি খারাপ অইদে নিত্যি বেড়নএ।,girɔst̪ʰɔr bɔ͡u̯ kʰarap ɔ͡i̯d̪e nit̪t̪i na͡i̯ʲre girɔst̪ʰɔr ɟʱi kʰarap ɔ͡i̯d̪e nit̪t̪i beɽone।
গরিত ন-পারে এক্কানলাইতথাই ভাঙ্গে আততান।,gorit̪o n-pare ækkanla͡i̯t̪ɔt̪ʰa͡i̯ bʱaŋge at̪ot̪an।
গইরলে কাম শরবত ন গইরলে ফার আর ফর্বত।,girle kam ʃɔrbot̪ n girle pʰar ar pʰɔrbɔt̪।
গরিবের গরিবিপনা নুনদি চিনিপানা।,goriber goribipɔna nund̪i cinipana।
গোড়া হাডি উঅদ্দি পানি ডালঅন।,goɽa hadi u͡ɔ̯d̪d̪i pani dalɔn।
গোড়া হাডি আগাত পানি দঅন।,goɽa hadi agat̪ pani d̪ɔ͡o̯n।
গুরা হালে নানারঅ ঘর জোয়ান হালে অউরঅ ঘর বুড়া হালে বেয়াইরঅ ঘর।,gura hale nanaro gʱɔr ɟoʲan hale ɔ͡u̯rɔ gʱɔr buɽa hale beʲa͡i̯ro gʱɔr।
গুণর আদর গুণীততে ফুলর আদর ভোঁঅরাত্তে।,gunɔr ad̪or gunit̪ɔt̪e pʰulr ad̪or bʱõɔrat̪t̪e।
গরিব দেইলে ফেরতেঅ ছেপ ফেলে।,gorib d̪e͡i̯le pʰert̪e͡o̯ cʰep pʰele।
গীতঅর আগে কুনকুনি ঝড়অর আগে পিনপিনি।,git̪ɔr age kunkuni ɟʱɔɽɔr age pinpini।
গাছঅর মিডা কজন খায় মুকর মিডা বেয়্যাগুনে খায়।,gacʰɔr mida kɔɟon kʰaʲ mukor mida beʲagune kʰaʲ।
গাছৎ হাটুল ওঁডৎ তেল কেএনে হাউল পেডৎ গেইল।,gacʰot̪ hatul õdot̪ t̪el ke͡e̯ne ha͡u̯l pedot̪ ge͡i̯l।
গোঁজরর টালৎ পদ্মফুল ফুডন।,gõɟrɔr talt̪ pɔd̪pʰul pʰuɽon।
গোয়াইল্ল্যার দুধ-দই গোয়াইল্লা হত্তে হারাপ হয় না।, goʷa͡i̯llær -d̪o͡i̯ goʷa͡i̯lla hɔt̪t̪e harap hɔʲ na।
গেরঅস্থর ওজন বুঝি চোরাইয়্যা তিন বোঁচকা বাঁধে।,gerɔst̪ʰɔr oɟon buɟʱi cora͡i̯ʲla t̪in bõcka bãd̪ʱe।
গরু ঘোরার এক দর গরন।,goru gʱorar æk d̪ɔr gɔron।
"গাঁজা খাইলে পাঁজা বারে, গদ্দনায় বারে জোর বাপ-দাদার নাম ডুবাই, ডাকে গাঁজাখোর।","gãɟa kʰa͡i̯le pãɟa bare, gɔd̪d̪onaʲ bare ɟor bap-d̪ad̪ar nam duba͡i̯, dake gãɟakʰor।"
গাইয়ে গোয়ালে হাত থাইলে এক আঁডু পানিঅ আজ্জের দুধ।,ga͡i̯ʲe goʷale hat̪ t̪ʰa͡i̯le æk ãdu pani͡o̯ aɟɟer d̪ud̪ʱ।
গুরু সেবিলে বিদ্যা বারে।,guru ʃebile bid̪d̪a bare।
গোঁওট্রালৎ পদ্দফুল ফুডঅন।,gõotralok pɔd̪d̪opʰul pʰudɔn।
গোরা হাডি আগাদি পানি ঢালন।,gora hadi agad̪i pani dʱalon।
গোয়াইললেই গাঁরা খোঁরে পারার মৈত্ত গাই এই গাঁরাৎ পরি মরে গোয়াইল্যার আত ভাই।,goʷa͡i̯lle͡i̯ gãra kʰõre parar mo͡i̯t̪t̪o ga͡i̯ e͡i̯ gãrat̪ pori more goʷa͡i̯lær at̪o bʱa͡i̯।
ঘরভাঙ্গন আর মছইত ভাঙ্গন ফুয়ান।,gʱɔrbʱaŋgon ar mɔcʰo͡i̯t̪o bʱaŋgon pʰuʲan।
ঘর লিপি দুয়ারত আছাড় হা।,gʱɔr lipi d̪uʲarɔt̪o acʰaɽ ha।
ঘর হাচে ঘাঢ়া দূরে।,gʱɔr hace gʱaɽʱa d̪ure।
ঘি ঔনর ডাহঅদি থাইলে অনে অনে উনায়।,gʱi o͡u̯nɔr dahod̪i t̪ʰa͡i̯le ɔne ɔne unaʲ।
ঘি অউনর ডাহঅদি থাইলে অনে অনে উনায়।,gʱi ɔ͡u̯nɔr dahod̪i t̪ʰa͡i̯le ɔne ɔne unaʲ।
ঘুম ন-যাই ঘুমর ভান গৈরলে তারে কেঅয় তুলিত ন-পারে।,gʱum n-ɟa͡i̯ gʱumɔr bʱan go͡i̯role t̪are ke͡ɔ̯ʲo t̪ulit̪o n-pare।
ঘাডৎ আই ন ডুবঅন।,gʱadot̪ a͡i̯ n dubɔn।
ঘুমে ন-মানে ভাঙ্গা খাট পিরিত ন-মানে জাত-বেজাত।, gʱume n-mane bʱaŋga kʰat pirit̪o n-mane -beɟat̪।
ঘোঁঅডার ভিতর খেমটা নাচ।,gʱõʃdar bʱit̪or kʰemta nac।
ঘাট পার অইলে ঘাইট্টাইল্যা আলা।,gʱat par æ͡i̯le gʱa͡i̯tta͡i̯lla ala।
ঘাড পার অইলে ঘাইট্টাইল্যা আলা।,gʱad par æ͡i̯le gʱa͡i̯tta͡i̯lla ala।
ঘিয়র বাঁআশে ছালা বেচা যঅন।,gʱiʲor bãaʃe cʰala beca ɟɔ͡o̯n।
ঘরঅর ভাত খাই মঅরঅ মৈষ চরান।,gʱɔrɔr bʱat̪ kʰa͡i̯ mɔ͡o̯ro͡o̯ mo͡i̯ʃ cɔran।
ঘরঅর ভাত খাই বনঅর মৈষ চরান।,gʱɔrɔr bʱat̪ kʰa͡i̯ bɔnɔr mo͡i̯ʃ cɔran।
ঘরঅর উন্দুরে কাডে বেরা কেঅয় তা ন-পায় টের।,gʱɔrɔr und̪ure kade bera ke͡ɔ̯ʲo t̪a n-paʲ ter।
ঘরঅর উন্দুরে কাডে বের কেঅয় তা ন-পায় টের।,gʱɔrɔr und̪ure kade ber ke͡ɔ̯ʲo t̪a n-paʲ ter।
ঘরঅত বাত্তি ন-দিই মোছইদত বাত্তি দেঅন।,gʱɔrɔt̪o bat̪t̪i n-d̪i͡i̯ mocʰo͡i̯d̪ɔt̪ bat̪t̪i d̪æ͡o̯n।
ঘরঅত চেরাগ ন-দিই মোছইদত বাত্তি দেঅন।,gʱɔrɔt̪o cerag n-d̪i͡i̯ mocʰo͡i̯d̪ɔt̪ bat̪t̪i d̪æ͡o̯n।
ঘাডৎ আই ন  ডুবন।,gʱadot̪ a͡i̯ n  dubon।
ঘরর গরু ঘাড়ার খের ন-খায়।,gʱɔror goru gʱaɽar kʰer n-kʰaʲ।
ঘরজামাইয়্যা আইনলাম জামাই কামাই খাইবার আশে জামাইর কামাই খাইঅম হততুন গিরার কড়ি নাশে।,gʱɔrɟama͡i̯ʲla a͡i̯nlam ɟama͡i̯ kama͡i̯ kʰa͡i̯bar aʃe ɟama͡i̯r kama͡i̯ kʰa͡i̯͡ɔ̯m ht̪ot̪un girar koɽi naʃe।
ঘরজামাইয়্যা আইনলাম জামাই হামাই খাইবার আশে জামাইর কামাই খাইঅম হততুন গিরার কড়ি নাশে।,gʱɔrɟama͡i̯ʲla a͡i̯nlam ɟama͡i̯ hama͡i̯ kʰa͡i̯bar aʃe ɟama͡i̯r kama͡i̯ kʰa͡i̯͡ɔ̯m ht̪ot̪un girar koɽi naʃe।
ঘোড়া দেইলে খোঁড়া হয় নাইত্তা দেইলে নুরুনি হয়।,gʱoɽa d̪e͡i̯le kʰõɽa hɔʲ na͡i̯t̪t̪a d̪e͡i̯le nuruni hɔʲ।
"ঘর আছে দুয়ার নাই, মানুষ আছে মাত নাই।","gʱɔr acʰe d̪uʲar na͡i̯, manuʃ acʰe mat̪ na͡i̯।"
অনুবাদ: ঘর আছে দুয়ার নাই,onubad̪: gʱɔr acʰe d̪uʲar na͡i̯
"ঘর বাঁধন মুইর্গ্যা, গরচ কিনন টুইগ্যা বিয়া করন কালা, তঅই গিরস্থর ভালা।","gʱɔr bãd̪ʱon mu͡i̯rgæ, gɔroc kinɔn tu͡i̯gka biʲa kɔron kala, t̪ɔ͡o̯͡i̯ girɔst̪ʰɔr bʱala।"
"ঘোলাই খায় গাধা, নিজে নাম রাখে হারামজাদা।","gʱola͡i̯ kʰaʲ gad̪ʱa, niɟe nam rakʰe haramɟad̪a।"
"চিটাইঙ্গা ফুয়া, মেড়িত ফইল্লে লুয়া।","cita͡i̯ŋga pʰuʲa, meɽit̪o pʰɔ͡i̯lle luʲa।"
চিলে ছোঅল দিলে ফেজা অইলেও বাঝে।,cile cʰo͡ɔ̯l d̪ile pʰeɟa æ͡i̯le͡o̯ baɟʱe।
চোর বুড়া অইলে ফইর অয়।,cor buɽa æ͡i̯le pʰo͡i̯r ɔʲ।
চিৎ বাআদে উইৎ করিৎ ন-জানে।,cit̪ ba͡a̯d̪e u͡i̯t̪ korit n-ɟane।
"চুলার মুখ বর গরে লাহরি, বৌঅর মুখ বর গরে অউরি।","cular mukʰ bɔr gore lahori, bo͡u̯ɔr mukʰ bɔr gore ɔ͡u̯ri।"
চৈধরি চৈধরি বরঅ নাম ভাতে ফুআয় পৌঁদঅর চাম।,co͡i̯d̪ʱri co͡i̯d̪ʱri bɔro͡ɔ̯ nam bʱat̪e pʰu͡a̯ʲ po͡ũ̯d̪ɔr cam।
চৌগে সংসার দেখে কুঁড় পৈত্তে ন দেখে।,co͡u̯ge ʃɔŋʃar d̪ekʰe kũɽo po͡i̯t̪t̪e n d̪ekʰe।
চোর দাইলে বুদ্ধি বাড়ে।,cor d̪a͡i̯le bud̪d̪ʱi baɽe।
চাচতো জেডতো ভাইয়ান নাও ভরি ভরি যায় মার পেডর ভাইয়ান ফিরি ফিরি চায়।,cacot̪o ɟedt̪o bʱa͡i̯ʲan na͡o̯ bʱori bʱori ɟaʲ mar pedor bʱa͡i̯ʲan pʰiri pʰiri caʲ।
চোরাইয়ার বাড়িত দালান ন-উডে।,cora͡i̯ʲar baɽit̪o d̪alan n-ude।
চোরঅর দশ দিন গিরস্থর এক দিন।,corɔr d̪ɔʃ d̪in girɔst̪ʰɔr æk d̪in।
চোরঅর মার বড়অ গলা।,corɔr mar bɔɽo͡ɔ̯ gɔla।
চিনদে দিলে ভৌডঅ হওন ফরে।,cind̪e d̪ile bʱo͡u̯do͡o̯ hon pʰɔre।
চোরঅর ফোঁন ডাহাইতে মারন।,corɔr pʰõn daha͡i̯t̪e maron।
চান্দর ফনর দিন আঁদার ফনর দিন ফার।,cand̪ɔr pʰɔnor d̪in ãd̪ar pʰɔnor d̪in pʰar।
চাঁদরেঅ গন্নায় ধরে।,cãd̪ore͡o̯ gɔnnaʲ d̪ʱore।
চাদ্দরর বাআরে ঠেং টাইলে মোশায় অরায়।,cad̪d̪orɔr ba͡a̯re tʰeŋ ta͡i̯le moʃaʲ ɔraʲ।
চোরঅর মন বোক্কার ভেতর।,corɔr mon bokkar bʱet̪or।
ফইরর নজর ভাঁআইরর কোনাত।,pʰo͡i̯rɔr noɟor bʱãa͡i̯rɔr konat̪o।
চৈৎ মাইসা খরানে হাউল খোঁজের পরাণে।,co͡i̯t̪ ma͡i̯ʃa kʰɔrane ha͡u̯l kʰõɟer pɔrane।
চৌগ কানা গরে তঅ দেশ কানা ন গরে।,co͡u̯go kana gore t̪ɔ͡o̯ d̪eʃ kana n gore।
চিকদইয্যা মানুষ একদইয্যা।,cikd̪iɟɟa manuʃ ækd̪iɟɟa।
চোরঅর মনঅত পোলিশ পোলিশ।,corɔr mɔnɔt̪o poliʃ poliʃ।
চোরঅর মনঅত গুতগুতি পোলিশ।,corɔr mɔnɔt̪o gut̪gut̪i poliʃ।
চিনা বনঅর পইতা ন-লায়।,cina bɔnɔr po͡i̯t̪a n-laʲ।
চডি জোতার আবার ফিতে।,codi ɟot̪ar abar pʰit̪e।
চাম বদলাইত ফারে দে হাসিয়ত বদলাইত ন-ফারে।,cam bɔd̪la͡i̯t̪o pʰare d̪e haʃiʲot̪ bɔd̪la͡i̯t̪o n-pʰare।
চউকে মুখে যুইননা দেহঅন।,cɔ͡u̯ke mukʰe ɟu͡i̯nna d̪ehɔn।
চান কোয়াইল্‌ল্লা।,can koʲa͡i̯llla।
চৌগ কাডিলে দুইননা আনধার।,co͡u̯go kadile d̪u͡i̯nna and̪ʱar।
চইয়ার দহইন দুয়ারত যাবি।,cɔ͡i̯ʲar d̪ɔhin d̪uʲarɔt̪o ɟabi।
চোরে চোরে মঅতো ভাই।,core core mɔ͡o̯t̪o bʱa͡i̯।
চাইলদা বেচনি দোলনাত চরে হন্নান হন দেশ ফুছার গরে।,ca͡i̯ld̪a beconi d̪olnat̪o cɔre hɔnnan hɔn d̪eʃ pʰucʰar gore।
চোররে হয় চুরি গর গেরস্তরে হয় চইদি থাক।,corore hɔʲ curi gɔr gerost̪ɔre hɔʲ co͡i̯d̪i t̪ʰak।
"চরি বরি খঅন, উরাৎ আই লাদন।","cori bori kʰɔ͡o̯n, urat̪ a͡i̯ lad̪on।"
চেলা মৈষর নাআন মৈচালন।,cela mo͡i̯ʃɔr na͡a̯n mo͡i̯calon।
ছলর লায় গরু সিন্নি।,cʰɔlor laʲ goru ʃinni।
ছ্যাফ গিলিলে ফানির তিরাশ ন-মরে।,cʰæpʰ gilile pʰanir t̪iraʃ n-more।
ছ'অলে কী ন খায় প'অলে কী ন কয়।, cʰɔ'ɔle ki n kʰaʲ p' ki n kɔʲ।
ছ'অলে কী ন হায় প'অলে কী ন কয়।, cʰɔ'ɔle ki n haʲ p' ki n kɔʲ।
ছ'অলে কী ন খায় প'অলে কী ন হয়।, cʰɔ'ɔle ki n kʰaʲ p' ki n hɔʲ।
ছ'অলে কী ন হায় প'অলে কী ন হয়।, cʰɔ'ɔle ki n haʲ p' ki n hɔʲ।
ছঅল কয় পরানে মৈরলাম গিরস্থে কয় আনুনি খাইলাম।,cʰɔ͡ɔ̯lo kɔʲ pɔrane mo͡i̯rlam girɔst̪ʰe kɔʲ anuni kʰa͡i̯lam।
ছ'অল দি হাল চইত পাইরলে গরু লাইগদঅ ন।,cʰɔ'ɔl d̪i hal cɔ͡i̯t̪o pa͡i̯͡i̯le goru la͡i̯gd̪ɔ͡o̯ n।
ছ'অল দি আল চইত পাইরলে গরু লাইগদঅ ন।,cʰɔ'ɔl d̪i al cɔ͡i̯t̪o pa͡i̯͡i̯le goru la͡i̯gd̪ɔ͡o̯ n।
ছোড মোড বেডিঅ এত ঠআঁক জানে কেলাতলে লাংগুয়া এরি ডাউগ্য ধরি টানে।,cʰod mod bedi͡o̯ æt̪o tʰãk ɟane kelat̪ɔle laŋguʷa eri da͡u̯ggo d̪ʱori tane।
ছ'অল নাচে খুডার বলে মেয়োফোয়াই নাচে মদ্দর বলে।,cʰɔ'ɔl nace kʰudar bole meʲopʰoʷa͡i̯ nace mɔd̪d̪or bole।
ছইল্যা খুঁত দওন।,cʰo͡i̯lla kʰũt̪ d̪ɔ͡o̯n।
ছিক্কার মাছ বিলাইঅর লাই হারাম।,cʰikkar macʰ bila͡i̯͡ɔ̯r la͡i̯ haram।
বিলাই ছিক্কা লত ন-ফাইলে গোস্ত হারাম।,bila͡i̯ cʰikka lɔt̪o n-pʰa͡i̯le gost̪o haram।
"ছঅল ফালে ফঅলে, আঁস ফালে আন্ধে আঁঝ অইলে দুয়ারত বই কান্দে।","cʰɔ͡ɔ̯lo pʰale pʰɔ͡o̯le, ãʃ pʰale and̪ʱe ãɟʱ æ͡i̯le d̪uʲarɔt̪o bo͡i̯ kand̪e।"
"ছঅল ফালে ফঅলে, আঁস ফালে আঁধায় আঁঝ অইলে দুয়ারত বই কান্দে।","cʰɔ͡ɔ̯lo pʰale pʰɔ͡o̯le, ãʃ pʰale ãd̪ʱaʲ ãɟʱ æ͡i̯le d̪uʲarɔt̪o bo͡i̯ kand̪e।"
ছঅলর তিন লম্বর ছা।,cʰɔ͡ɔ̯lɔr t̪in lɔmbɔr cʰa।
ছুইল্‌লা কেলা।, cʰu͡i̯l kela।
ছঅলে বিআয় ইয়েলে হায়।,cʰɔ͡o̯le bi͡a̯ʲ iʲele haʲ।
ছোঅদির লাই দুর্গোচ্ছব বাকি ন-থায়।,cʰoggod̪ir la͡i̯ d̪urgoccʰob baki n-t̪ʰaʲ।
ছোড মাইনসর পোয়া যদি জইদারি পায় হানর গোঁড়াৎ কলম গুজি ভঅইয়্যা নাচায়।,cʰod ma͡i̯nʃɔr poʷa ɟod̪i ɟɔ͡i̯d̪ari paʲ hanor gõɽat̪ kɔlom guɟi bʱɔ͡o̯͡u̯iʲla nacaʲ।
ছোড মাইনসর পোয়া যদি জইদারি পায় কানর গোঁড়াৎ কলম গুজি ভঅইয়্যা নাচায়।,cʰod ma͡i̯nʃɔr poʷa ɟod̪i ɟɔ͡i̯d̪ari paʲ kanɔr gõɽat̪ kɔlom guɟi bʱɔ͡o̯͡u̯iʲla nacaʲ।
ছাই ফেইলতে ভাঙ্গা কুলা।,cʰa͡i̯ pʰe͡i̯lɔt̪e bʱaŋga kula।
ছঅলর তিন লম্বর ছা।,cʰɔ͡ɔ̯lɔr t̪in lɔmbɔr cʰa।
ছুইল্‌লা কেলা।, cʰu͡i̯l kela।
ছঅলে বিআয় ইয়েলে হায়।,cʰɔ͡o̯le bi͡a̯ʲ iʲele haʲ।
ছঅলে বিআয় শিয়ালে খায়।,cʰɔ͡o̯le bi͡a̯ʲ ʃiʲale kʰaʲ।
ছোঅদির লাই দুর্গোচ্ছব বাকি ন-থায়।,cʰoggod̪ir la͡i̯ d̪urgoccʰob baki n-t̪ʰaʲ।
ছোড মাইনসর পোয়া যদি জইদারি পায় হানর গোঁড়াৎ কলম গুজি ভঅইয়্যা নাচায়।,cʰod ma͡i̯nʃɔr poʷa ɟod̪i ɟɔ͡i̯d̪ari paʲ hanor gõɽat̪ kɔlom guɟi bʱɔ͡o̯͡u̯iʲla nacaʲ।
ছোড মাইনসর পোয়া যদি জইদারি পায় কানর গোঁড়াৎ কলম গুজি ভঅইয়্যা নাচায়।,cʰod ma͡i̯nʃɔr poʷa ɟod̪i ɟɔ͡i̯d̪ari paʲ kanɔr gõɽat̪ kɔlom guɟi bʱɔ͡o̯͡u̯iʲla nacaʲ।
ছাই ফেইলতে ভাঙ্গা কুলা।,cʰa͡i̯ pʰe͡i̯lɔt̪e bʱaŋga kula।
ছঅলরে কিইয়ে পাইয়্যি হাডা কেএরে?,cʰɔ͡ɔ̯lɔre ki͡i̯ʲe pa͡i̯ki hada ke͡e̯re?
ছাইয়ুর কুত্ত ছাইয়ুত লুডে।,cʰa͡i̯ʲur kut̪t̪o cʰa͡i̯ʲut̪ lude।
"জাতে জাত টানে, কিয়ারা গাত টানে।","ɟat̪e ɟat̪ tane, kiʲara gat̪ tane।"
জামাইর আত গোষ্ঠীর পির।,ɟama͡i̯r at̪o goʃtʰir pir।
"জামাইর কামাই ফুতি ফুতি, পুয়ার কামাই মুতি মুতি।","ɟama͡i̯r kama͡i̯ pʰut̪i pʰut̪i, puʲar kama͡i̯ mut̪i mut̪i।"
জামাই চাইবা হাডৎ বউ চাইবা ঘাডৎ।,ɟama͡i̯ ca͡i̯ba hadt̪ bɔ͡u̯ ca͡i̯ba gʱadot̪।
জামাইর মাঅ কন্যার মাঅ।,ɟama͡i̯r maʃ konnar maʃ।
জোঁকর মুঅত আদা ফরন।,ɟõkɔr mu͡ɔ̯t̪o ad̪a pʰɔron।
জোঁকর মুঅত নুন ফরন।,ɟõkɔr mu͡ɔ̯t̪o nun pʰɔron।
জয়হালে খয় নাই।,ɟɔʲhale kʰɔʲ na͡i̯।
জয়কালে খয় নাই।,ɟɔʲkale kʰɔʲ na͡i̯।
জেতারে বারাইতে হতক্ষণ।,ɟet̪are bara͡i̯t̪e ht̪okkʰon।
জাতঅর মাইয়া কালাঅ ভালা।,ɟat̪ɔr ma͡i̯ʲa kalab bʱala।
জাতৎ মাতাল তালৎ ঠিক।,ɟat̪t̪ mat̪al t̪alot̪ tʰik।
জামাই হারামখোর আর বিলাই হারামখোর এক হোয়ান।,ɟama͡i̯ haramkʰor ar bila͡i̯ haramkʰor æk hoʲan।
জামাই হারামখোর আর বিলাই হারামখোর এক ফোয়ান।,ɟama͡i̯ haramkʰor ar bila͡i̯ haramkʰor æk pʰoʲan।
"জামাই বউয়ের দেহা নাই, শুকুর বারে বিয়া।","ɟama͡i̯ bo͡u̯ʲer d̪eha na͡i̯, ʃukur bare biʲa।"
জুঁইদারের নাতি ভিক মাগিলেও ঘোরাত চরি গরে।,ɟũid̪arer nat̪i bʱik magile͡o̯ gʱorat̪ cori gore।
জমিদারের নাতি ভিক মাগিলেও ঘোরাত চরি গরে।,ɟomid̪arer nat̪i bʱik magile͡o̯ gʱorat̪ cori gore।
"জাতর আপ গাতে মরে, জাতর কন্যা ভাতে মরে।","ɟat̪or ap gat̪e more, ɟat̪or konna bʱat̪e more।"
জেউরগা রোয়াঅ রোয়া ন জেউরগা পোয়াঅ পোয়া ন।,ɟe͡u̯rɔga roʷa͡ɔ̯ roʷa n ɟe͡u̯rɔga poʷa͡ɔ̯ poʷa n।
"জুনি পোগে মানিক নিন্দে খাডি এ নিন্দে পৈ'র গরু এ গিরছ নিন্দে, খুঁড়া এ নিন্দে মৈর।","ɟuni poge manik nind̪e kʰadi e nind̪e po͡i̯'ro goru e gircʰo nind̪e, kʰũɽa e nind̪e mo͡i̯r।"
জিইক্কা ঝড় দে ইক্কা জুঁইর ধরে,ɟi͡i̯kka ɟʱɔɽ d̪e ikka ɟũir d̪ʱore
জত্তনে বত্তন।,ɟɔt̪t̪one bot̪t̪on।
জাতর মাইয়্যা হালা ভালা নদীর পানি ঘোলা ভালা। ,ɟat̪or ma͡i̯ʲla hala bʱala nod̪ir pani gʱola bʱala। 
জাতর কৈন্যা গাঁতৎ মরে।,ɟat̪or ko͡i̯nna gãt̪t̪ more।
"জাতঅ গেইল, পেডঅ ন ভরিল।","ɟat̪o ge͡i̯l, pedɔ n bʱoril।"
"জিরাই ত নাই জাগা, কুত্তা আনের বাগা।","ɟira͡i̯ t̪o na͡i̯ ɟaga, kut̪t̪a aner baga।"
"জাতঅ গেইল, পেডঅ ন ভরিল।","ɟat̪o ge͡i̯l, pedɔ n bʱoril।"
"জিরাই ত নাই জাগা, কুত্তা আনের বাগা।","ɟira͡i̯ t̪o na͡i̯ ɟaga, kut̪t̪a aner baga।"
ঝাড়িয়ে নেলাইদে চুলার মু অরিয়ে নেয়ালাদে বউয়র মু ।,ɟʱaɽiʲe nela͡i̯d̪e cular mu ɔriʲe neʲalad̪e bɔ͡u̯ʲor mu ।
"ঝরতুয়ানে বক মরের, ফইরর কেরামতি বারের।","ɟʱɔrt̪uʷane bɔk mɔrer, pʰo͡i̯rɔr keramot̪i barer।"
"ঝি জব্দ শিলে, বউ জব্দ কিলে।","ɟʱi ɟɔbd̪o ʃile, bɔ͡u̯ ɟɔbd̪o kile।"
ঝিউরে মারি বৌউরে শিখন।,ɟʱi͡u̯re mari bo͡u̯ure ʃikʰon।
ঝিঅর জ্বালা বুঅৎ খোঁচা পুতর জ্বালা ভূতঅর পোঁজা।,ɟʱi͡ɔ̯r ɟala bu͡ɔ̯t̪ kʰõca put̪ɔr ɟala bʱut̪ɔr põɟa।
"ঝিএ চায় বর, মায় চায় ঘর।","ɟʱi͡e̯ caʲ bɔr, maʲ caʲ gʱɔr।"
ঝড়অর আগে পিন পিনি গানঅর আগে গুনগুনি।,ɟʱɔɽɔr age pin pini ganɔr age gunguni।
ঝোর ভাঁইল বলি হক্কলে কয় বান দেঅনর কেউ নয়।,ɟʱor bʱãil boli hɔkkole kɔʲ ban d̪æ͡o̯nɔr ke͡u̯ nɔʲ।
ঝাল মরিচর চামড়া লাল।,ɟʱal moricɔr camɽa lal।
টিয়া থাইলে বাঘের দুধঅ ফওন যায়।,tiʲa t̪ʰa͡i̯le bagʱer d̪ud̪ʱo pʰo͡o̯n ɟaʲ।
টিপ ন-বুঝে টাপ ন-বুঝে তে কি মাইনসর মাইয়া ধার ন-বুঝে চর-ন চিনে তে কি নওর নাইয়া।,tip n-buɟʱe tap n-buɟʱe t̪e ki ma͡i̯nʃɔr ma͡i̯ʲa d̪ʱar n-buɟʱe cɔr-n cine t̪e ki nor na͡i̯ʲa।
টেইট্যা কলত পড়অন।,te͡i̯tt̪a kɔlot̪o pɔɽɔn।
টেঅরায় খেত খঅন।,te͡ɔ̯raʲ kʰet̪ kʰɔ͡o̯n।
টানি আইনতে ছিড়ি যওন।,tani a͡i̯nt̪e cʰiɽi ɟɔ͡o̯n।
টিয়া যঅক খেলা সুন্দর অঅক।,tiʲa ɟɔ͡ɔ̯k kʰela ʃund̪ɔr ɔ͡ɔ̯k।
টিয়া দি টিয়া ফাঁদে আতিদি আতি বাঁধে।,tiʲa d̪i tiʲa pʰãd̪e at̪id̪i at̪i bãd̪ʱe।
টিয়া ছারা জগৎ বেঁহা।,tiʲa cʰara ɟɔgot̪ bẽha।
টিয়ায় টিয়া বিয়ায়।,tiʲaʲ tiʲa biʲaʲ।
ঠাট বজায় রাখঅন।,tʰat bɔɟaʲ rakʰɔn।
ঠেকি শিখন আর ঠকি শিখন বেয়েডাইম্যার কথা চিঅন।,tʰeki ʃikʰon ar tʰoki ʃikʰon beʲeda͡i̯mmar kɔt̪ʰa ci͡ɔ̯n।
ঠেকি-ঠকি শিখিল হে মুরুকখর পুত দেই হুনি শিখনত তে পন্ডিতঅর সুখ।,tʰeki-tʰoki ʃikʰil he murukkʰor put̪ d̪e͡i̯ huni ʃikʰonɔt̪o t̪e pondit̪ɔr ʃukʰ।
ঠান টগীর ঘর কে-নে উডের মাথা কঁরী কে-নে উডের জ্বর।,tʰan tgir gʱɔr ke-ne uder mat̪ʰa kɔ̃ri ke-ne uder ɟɔr।
ঠান টগীর ঘর কে-নে উডের মাথা হরী কে-নে উডের জ্বর।,tʰan tgir gʱɔr ke-ne uder mat̪ʰa hori ke-ne uder ɟɔr।
ডেকচিত তুন ঢাকনা গরম।,dekcit̪o t̪un dʱakna gɔrom।
ডাইল পৈরলে ঘিঅৎ পরৈগে।,da͡i̯l po͡i̯rle gʱi͡ɔ̯t̪ pɔro͡i̯ge।
ডাইল পৈরলে ঘিঅৎ পইজ্জে।,da͡i̯l po͡i̯rle gʱi͡ɔ̯t̪ po͡i̯ɟɟe।
ডঅর মাইন্‌ন্সর ফোয়ায় দলা চাবাইলেঅ মিছিরি গরিবঅর পোয়া মিছিরি চাবাইলেঅ দলা।,do͡ɔ̯r ma͡i̯nnʃɔr pʰoʷaʲ d̪ɔla caba͡i̯le͡o̯ micʰiri goribɔr poʷa micʰiri caba͡i̯le͡o̯ d̪ɔla।
ডোমঅর পোয়ার পৌঁদত গু পোঁদত বাশ।,domɔr poʷar po͡ũ̯d̪t̪o gu põd̪t̪o baʃ।
ডুম্ মারি পানি খাই সারা দিন্নান রোজা থাআই।,dum mari pani kʰa͡i̯ ʃara d̪innan roɟa t̪ʰa͡a̯i।
"ঢক জানির চডক খান আনা আনু, অনি আন্।","dʱɔk ɟanir cɔdok kʰan ana anu, oni an।"
ঢেই স্বর্গত গেলেঅ ধান ভানে।,dʱe͡i̯ ʃɔrgɔt̪o gele͡o̯ d̪ʱan bʱane।
ঢেই মক্কাত গেলেঅ ধান ভানে।,dʱe͡i̯ mɔkkat̪o gele͡o̯ d̪ʱan bʱane।
টেইর কিলা।,te͡i̯r kila।
ঢেডরা পিডন।,dʱedra pidɔn।
ঢেরা পরন।,dʱera pɔron।
ঢোষ পাদে মেলা আঁসায় ফোঁষ পাদে হৈলজা ছেদে।,dʱoʃ pad̪e mæla ãʃaʲ pʰõʃ pad̪e ho͡i̯lɟa cʰed̪e।
ঢোষ পাদে মেলা হাসায় ফোঁষ পাদে হৈলজা গেদায়।,dʱoʃ pad̪e mæla haʃaʲ pʰõʃ pad̪e ho͡i̯lɟa ged̪aʲ।
এটি একটি; অর্থাৎ এক-এক ধরনের পাদে এক-এক রকম ফলাফল।,eti ekti; ɔrt̪ʰat̪ æk-æk d̪ʱɔroner pad̪e æk-æk rɔkom pʰɔlapʰɔl।
ঢোলঅর বারি হরঅর তলে বেশিদিন ন-থায়।,dʱolɔr bari hɔrɔr t̪ɔle beʃid̪in n-t̪ʰaʲ।
তোলা দেঅন্।,t̪ola d̪e͡o̯n।
তোলানি দেঅন্।,t̪olani d̪e͡o̯n।
তরুত তুরুত কা গরঅর?,t̪orut̪ t̪urut̪o ka gɔrɔr?
তিন মাইয়ালা জিয়ৎ কাজীর দরবার ইয়ৎ।,t̪in ma͡i̯ʲala ɟiʲot̪ kaɟir d̪ɔrbar iʲt̪।
"তুই দিয়ারে মুই দিয়া, ন দিয়ারে কী দিয়া।","t̪u͡i̯ d̪iʲare mu͡i̯ d̪iʲa, n d̪iʲare ki d̪iʲa।"
তারিফর হাট্টল ভোতায় ভরা।,t̪aripʰɔr hattol bʱot̪aʲ bʱɔra।
"তিয়াইলে আঁট, বইলে বাজার।","t̪iʲa͡i̯le ãt, bo͡i̯le baɟar।"
তিন মাথা যার বুদ্ধি লইঅ তার।,t̪in mat̪ʰa ɟar bud̪d̪ʱi lɔ͡i̯ɔ t̪ar।
তেলে মাথাৎ তেল দঅন কামাইয়া মাথাৎ খুর বুলন।,t̪ele mat̪ʰat̪ t̪el d̪ɔ͡o̯n kama͡i̯ʲa mat̪ʰat̪ kʰur bulon।
"তালরে তিল, তিলরে তাল গরন।","t̪alre t̪il, t̪ilre t̪al gɔron।"
তোঁয়ারা তোঁয়ারা বেয়াইয়ালা আঁই অইলাম আবদুল্লা পলা।,t̪õʷara t̪õʷara beʲa͡i̯ʲala ãi ɔ͡i̯lam abd̪ulla pɔla।
তোঁয়ারা তোঁয়ারা বেয়াইয়ালা আঁই হৈলাম আবদুল্লা পলা।,t̪õʷara t̪õʷara beʲa͡i̯ʲala ãi ho͡i̯lam abd̪ulla pɔla।
তেল ছাড়া মমৈচ্ছা খঅনু।,t̪el cʰaɽa mɔmo͡i̯ccʰa kʰɔ͡o̯nu।
তেইল্‌লা চোরাঅ পৈক নয় সাবরেইষ্টারঅ হাকিম নয়।, t̪e͡i̯l cora͡o̯ po͡i̯k nɔʲ ʃabre͡i̯ʃtaro hakim nɔʲ।
তোর হথা আর পোঁয়াইততার পাদ্‌ এক হোয়ান।,t̪or hɔt̪ʰa ar põʷa͡i̯t̪ɔt̪ar pad̪ æk hoʲan।
তোর হথা আর পোঁয়াইততার পাদ্‌ এক সমান।,t̪or hɔt̪ʰa ar põʷa͡i̯t̪ɔt̪ar pad̪ æk ʃɔman।
তুই যে-বিলর ফুডি মাছ আঁই এ-বিলর বোগা।,t̪u͡i̯ ɟe-bilɔr pʰudi macʰ ãi e-bilɔr boga।
তীরত আই তরী ডুবঅন।,t̪irot̪o a͡i̯ t̪ori dubɔn।
তলত থাই চিন্দে দঅন।,t̪ɔlot̪o t̪ʰa͡i̯ cind̪e d̪ɔ͡o̯n।
"তালত ভাইরে তালত ভাই, তাল খাইঅ-যে মনৎ নাই পইসা দিতে ছোদঅ নাই।"," t̪alɔt̪o bʱa͡i̯re t̪alɔt̪o bʱa͡i̯, t̪al kʰa͡i̯͡o̯- monot̪ na͡i̯ po͡i̯ʃa d̪it̪e cʰod̪ɔ͡ɔ̯ na͡i̯।"
তারলাই এক আঁডু পানিৎ নামিলি তেই এক গলাৎ নামিবু।,t̪arla͡i̯ æk ãdu panik namili t̪e͡i̯ æk gɔlat̪ namibu।
 তিতা খাইলে মিডার লঅগ পায়।, t̪it̪a kʰa͡i̯le midar lɔ͡ɔ̯g paʲ।
"তুইঅ কালা, আইঅ কালা, আম ফেলাইদে দলা দলা।","t̪u͡i̯͡ɔ̯ kala, a͡i̯͡o̯ kala, am pʰela͡i̯d̪e d̪ɔla d̪ɔla।"
"তোর নেক সদাগর, তুই অদ্দে ধনর কাতর।","t̪or nek ʃɔd̪agɔr, t̪u͡i̯ ɔd̪d̪e d̪ʱɔnor kat̪or।"
"থাই গরু ন চর আল, দুঃখ ন-যার সর্বকাল।","t̪ʰa͡i̯ goru n cɔr al, d̪ukkʰo n-ɟar ʃɔrbokal।"
থানার ডাহদ্দি কানাও ন-আঁডে।,t̪ʰanar dahod̪d̪i kana͡o̯ n-ãde।
থানার ডাহদ্দি হানাও ন-আঁডে।,t̪ʰanar dahod̪d̪i hana͡o̯ n-ãde।
থাইলে মৈর হারাত্ম লায় ন থাইলে মার হারাঅ ন লায়।,t̪ʰa͡i̯le mo͡i̯r harat̪t̪o laʲ n t̪ʰa͡i̯le mar haraʃ n laʲ।
থোথা মুখ ভোথা হঅন।,t̪ʰot̪ʰa mukʰ bʱot̪ʰa hɔ͡o̯n।
"থানর মাল থান, তান্নাম আমানৎ।","t̪ʰanɔr mal t̪ʰan, t̪annam amanok।"
"থৈলা ভরি আন, ডেকসি ভরি রান।","t̪ʰo͡i̯la bʱori an, dekʃi bʱori ran।"
থৈলের চৈল থৈলেৎ আঁডে লাথির চোডে ভারাল ফাডে।,t̪ʰo͡i̯ler co͡i̯l t̪ʰo͡i̯let̪ ãde lat̪ʰir code bʱaral pʰade।
থোরা গরি খঅ ভালা যুদি চঅ।,t̪ʰora gori kʰɔ͡o̯ bʱala ɟud̪i cɔ͡o̯।
"দাসরে থাবা, মইশরে নাফা, ছইঅরে গিল, বউঅরে কিল।","d̪aʃre t̪ʰaba, mo͡i̯ʃɔre napʰa, cʰo͡i̯͡ɔ̯re gil, bɔ͡u̯͡ɔ̯re kil।"
"দেহায়েদে রানর গোরা, হাবায়েদে মরিচচুরা।","d̪ehaʲed̪e ranor gora, habaʲed̪e moriccura।"
দেশৎ নাই যেইগান বৌঅর পরানে তোয়ার এইগান।,d̪eʃɔt̪ na͡i̯ ɟe͡i̯gan bo͡u̯ɔr pɔrane t̪oʷar e͡i̯gan।
দেশৎ নাই যেইগান বৌঅর পরানে খোঁজের এইগান।,d̪eʃɔt̪ na͡i̯ ɟe͡i̯gan bo͡u̯ɔr pɔrane kʰõɟer e͡i̯gan।
দেশৎ নাই যিইয়েন বৌঅর পরানে তোয়ার ইয়েন।,d̪eʃɔt̪ na͡i̯ ɟi͡i̯ʲen bo͡u̯ɔr pɔrane t̪oʷar iʲen।
দেশৎ নাই যিইয়েন বৌঅর পরানে খোঁজের ইয়েন।,d̪eʃɔt̪ na͡i̯ ɟi͡i̯ʲen bo͡u̯ɔr pɔrane kʰõɟer iʲen।
দাড়ি উডিবের আগে কাজি অন।,d̪aɽi udiber age kaɟi ɔn।
দুক্কে দু'লা খের ন গজঅন।,d̪ukke d̪u'la kʰer n gɔɟon।
দুক্কর রাইৎ ন-ফুরায়।,d̪ukkor ra͡i̯ʃ n-pʰuraʲ।
"দেইৎ ন-পারে যারে, হাঁইটতে ভেঁআয় তারে।","d̪e͡i̯t̪ n-pare ɟare, hãitt̪e bʱẽaʲ t̪are।"
"দেইৎ ন-পারে যারে, হাঁইটতে ভেঙ্গায়অ তারে।","d̪e͡i̯t̪ n-pare ɟare, hãitt̪e bʱeŋgaʲoŋ t̪are।"
দয়া আছে মায়া আছে গলাৎ ধরি কাঁদে আদ্ধান পৈছার আঁইট্যা কেলা পরান গেলে ন-দে।,d̪ɔʲa acʰe maʲa acʰe gɔlat̪ d̪ʱori kãd̪e ad̪d̪ʱan po͡i̯cʰar ãitt̪a kela pɔran gele n-d̪e।
দয়া আছে মায়া আছে গলাৎ ধরি কাঁদে আদ্ধান পয়সার আঁইট্যা কেলা পরান গেলে ন-দে।,d̪ɔʲa acʰe maʲa acʰe gɔlat̪ d̪ʱori kãd̪e ad̪d̪ʱan pɔʲʃar ãitt̪a kela pɔran gele n-d̪e।
দুইন্যার পোন মারি এহন সাধু সাজঅন। ,d̪u͡i̯nnar pono mari ehon ʃad̪ʱu ʃaɟɔn। 
দুইন্যার পোন মারি এহন সাধু সাজঅন। ,d̪u͡i̯nnar pono mari ehon ʃad̪ʱu ʃaɟɔn। 
দুইন্যার হোন মারি এহন সাধু অইয়েদে। ,d̪u͡i̯nnar hon mari ehon ʃad̪ʱu ɔ͡i̯ʲed̪e। 
দুইন্যার হোন মারি অনসাধু অইয়েদে। ,d̪u͡i̯nnar hon mari ɔnoʃad̪ʱu ɔ͡i̯ʲed̪e। 
"দুউয্যা খাই বালিশ, রাতিয়া খাই চলিস।","d̪u͡u̯ɟɟa kʰa͡i̯ baliʃ, rat̪iʲa kʰa͡i̯ coliʃ।"
দাঁত থাইকতে দাঁতের কদর ন-বুঝঅন।, d̪ãt̪ t̪ʰa͡i̯kɔt̪e d̪ãt̪er kɔd̪or -buɟʱɔn।
"দশজন রাজি যিঅৎ, খোদা রাজি হিঅৎ।","d̪ɔʃɟɔn raɟi ɟi͡ɔ̯t̪, kʰod̪a raɟi hi͡ɔ̯t̪।"
"দশজন রাজি যিঅৎ, খোদা রাজি ইঅত।","d̪ɔʃɟɔn raɟi ɟi͡ɔ̯t̪, kʰod̪a raɟi i͡ɔ̯t̪o।"
"দেইখ্যা ঘরের বাঁদী, আনদেইখ্যা ঘরের বিবি।","d̪e͡i̯kʰkʰa gʱɔrer bãd̪i, and̪e͡i̯kʰkʰa gʱɔrer bibi।"
দর গরি কেলা-চিরন ভালা।, d̪ɔr gori -ciron bʱala।
"দিৎ পাইল্লে ভালা, দিৎ ন-পাইল্লে শালা।","d̪it̪ pa͡i̯lle bʱala, d̪it̪ n-pa͡i̯lle ʃala।"
"দিৎ পাইল্লে ভালা, দিৎ ন-পাইল্লে আলা।","d̪it̪ pa͡i̯lle bʱala, d̪it̪ n-pa͡i̯lle ala।"
দুই নাঅৎ পা রাখঅন।,d̪u͡i̯ na͡ɔ̯t̪ pa rakʰɔn।
দাঁত থাইকতে খঅন ভালা দাঁত পৈরলে মরণ ভালা।,d̪ãt̪ t̪ʰa͡i̯kɔt̪e kʰɔ͡o̯n bʱala d̪ãt̪ po͡i̯rle mɔron bʱala।
দাঅর তলর মাছ।,d̪a͡ɔ̯r t̪ɔlor macʰ।
দইন দুয়ারে যওন।,d̪in d̪uʲare ɟɔ͡o̯n।
দাঅতুন ডাট ৬অর।,d̪att̪un dat 6ɔr।
দুধ দোওইন্না গরু লাথি দিলিঅ ভালা।,d̪ud̪ʱ d̪o͡o̯͡i̯nna goru lat̪ʰi d̪ili͡o̯ bʱala।
দুষ্ট গরু পালনত্তন হাইল্লা গোয়াইল ভালা।,d̪uʃto goru palonot̪t̪on ha͡i̯lla goʷa͡i̯l bʱala।
দুষ্ট গরু পালনত্তন খাইল্লা গোয়াইল ভালা।,d̪uʃto goru palonot̪t̪on kʰa͡i̯lla goʷa͡i̯l bʱala।
দোস্ত হই গোস্ত মারে ঘনাইয়া বই হাছে কথাদি কথা লয় পরানে মারে পাশে।,d̪ost̪o ho͡i̯ gost̪o mare gʱɔna͡i̯ʲa bo͡i̯ hacʰe kɔt̪ʰad̪i kɔt̪ʰa lɔʲ pɔrane mare paʃe।
দোস্ত হই গোস্ত মারে ঘনাইয়া বই কাছে কথাদি কথা লয় পরানে মারে পাশে।,d̪ost̪o ho͡i̯ gost̪o mare gʱɔna͡i̯ʲa bo͡i̯ kacʰe kɔt̪ʰad̪i kɔt̪ʰa lɔʲ pɔrane mare paʃe।
দুয়ারত পাইলে উয়ারত লাগন।,d̪uʲarɔt̪o pa͡i̯le uʷarɔt̪o lagon।
দুশমনি আছিল গইততু চাইলে ভোডত থিইয়েই গরাই দঅ বন্ধুত্ব ভাইংতে চাইলে কিছু টেয়া উধার দঅ।,d̪uʃmoni acʰilo girit̪u ca͡i̯le bʱodot̪ t̪ʰi͡i̯ʲe͡i̯ gɔra͡i̯ d̪ɔ͡ɔ̯ bond̪ʱut̪t̪o bʱa͡i̯ŋt̪e ca͡i̯le kicʰu teʲa ud̪ʱar d̪ɔ͡ɔ̯।
"দুউরি যেদ্দুর ন জায়, চচ্ছরায় ইয়াততুন বেশি যায়।","d̪u͡u̯ri ɟed̪d̪ur n ɟaʲ, coccʰoraʲ iʲat̪t̪un beʃi ɟaʲ।"
দশ জনে মিলিলে একজন পঅল।,d̪ɔʃ ɟɔne milile ækɟon pɔ͡ɔ̯lo।
দিন থাইকতে আঁড সম্পৎ থাইকতে বাঁড।,d̪in t̪ʰa͡i̯kɔt̪e ãd ʃɔmpot̪ t̪ʰa͡i̯kɔt̪e bãd।
দিনর দুঅরে ডাহাতি গরন।,d̪inr d̪u͡ɔ̯re dahat̪i gɔron।
দিনেকালে ভাউও বেং অ আপ ধরি খায়,d̪inekale bʱa͡u̯o beŋ ɔ ap d̪ʱori kʰaʲ
দিনেকালে বাঁদি বেডি অ মন্দ ভুলি যায়।,d̪inekale bãd̪i bedi ɔ mond̪o bʱuli ɟaʲ।
দুধ বেচি মদ খঅন।,d̪ud̪ʱ beci mɔd̪ kʰɔ͡o̯n।
দেইলি দেইত ন পারস ন দেইলে তাইত ন পারস,d̪e͡i̯li d̪e͡i̯t̪o n paroʃ n d̪e͡i̯le t̪a͡i̯t̪o n paroʃ
ধাইলে মাছ বড় অই ধান্নো মরিচের ঝাল বেশি।,d̪ʱa͡i̯le macʰ bɔɽo ɔ͡i̯ d̪ʱanno moricer ɟʱal beʃi।
ধরি আইনতঅ কইলে বাঁধি আনন্।,d̪ʱori a͡i̯nt̪o͡o̯ ko͡i̯le bãd̪ʱi anon।
ধরি আইনতঅ হইলি বাঁধি আনন্।,d̪ʱori a͡i̯nt̪o͡o̯ ho͡i̯li bãd̪ʱi anon।
ধঅইয়ার আগঅদি মারৈয়ার পিছঅদি।,d̪ʱɔ͡o̯͡i̯ʲar agod̪i maro͡i̯ʲar picʰod̪i।
ধলঘাইট্যা বঅন গৌঁছে চিনা যায়।,d̪ʱɔlgʱa͡i̯tt̪a bɔ͡o̯n go͡ũ̯cʰe cina ɟaʲ।
ধইন্নায় ধইন্নায় মেলা নিধইন্নার মত্তন কেলা।,d̪ʱinnaʲ d̪ʱinnaʲ mæla nid̪ʱinnar mɔt̪t̪on kela।
ধন থাইকতে বাঁধি খা বেইল থাইকতে আঁডি যা।,d̪ʱɔn t̪ʰa͡i̯kɔt̪e bãd̪ʱi kʰa be͡i̯l t̪ʰa͡i̯kɔt̪e ãdi ɟa।
ধান বইলাম তারা তারা পুইছে নাই দে বইথাম পেডর ভুগে পেট হঅরার মা বাপ নাই দে হইতাম।,d̪ʱan bo͡i̯lam t̪ara t̪ara pu͡i̯cʰe na͡i̯ d̪e bo͡i̯t̪ʰam pedor bʱuge pet hɔ͡ɔ̯rar ma bap na͡i̯ d̪e ho͡i̯t̪am।
নিন্দেদে ফুল ফিন্দে বেশি।,nind̪ed̪e pʰul pʰind̪e beʃi।
নিজর ভিডাত এক গলা পানি পরর কথা লই কানাকানি।,niɟɔr bʱidat̪ æk gɔla pani pɔror kɔt̪ʰa lɔ͡i̯ kanakani।
"নাচো কাচো বার ভাই যার ঝি, তার জামাই।","naco kaco bar bʱa͡i̯ ɟar ɟʱi, t̪ar ɟama͡i̯।"
নোঁয়া নোঁয়া বাঁঅরী নোঁয়া নোঁয়া রং পুরান অইলে বাঁঅরী গলা ঢং ঢং। ,nõʲa nõʲa bãʃri nõʲa nõʲa rɔŋ puran æ͡i̯le bãʃri gɔla dʱɔŋ dʱɔŋ। 
নোঁয়া নোঁয়া বাঁঅরী নোঁয়া নোঁয়া রং পুরান হৈলে বাঁঅরী গলা ঢং ঢং। ,nõʲa nõʲa bãʃri nõʲa nõʲa rɔŋ puran ho͡i̯le bãʃri gɔla dʱɔŋ dʱɔŋ। 
ন খাইয়ুম ন খাইয়ুম পেডৎ বিষ,n kʰa͡i̯ʲum n kʰa͡i̯ʲum pedot̪ biʃ
খাইতঅ বইলে ন-পায় দিশ।,kʰa͡i̯t̪ɔ bo͡i̯le n-paʲ d̪iʃ।
নাঠা মানুষ আগে মাতে নাঠা জইন আগে ফাডে।,natʰa manuʃ age mat̪e natʰa ɟɔ͡i̯n age pʰade।
নাক নাই বেডির বালির সখ চঅনা বেডির হত ঠঅক।,nak na͡i̯ bedir balir ʃɔkʰ cɔ͡o̯na bedir hɔt̪o tʰɔk।
ন বুঝচ আক্কা বাক্কা সূর্যরে ক'স গাড়ির চাক্কা।,n buɟʱɔc akka bakka ʃurɟore k'ʃɔ gaɽir cakka।
নাই মউতুন কানা মউ ভালা।,na͡i̯ mut̪un kana mɔ͡u̯ bʱala।
নাচিৎ ন জাইলে উডান্‌ বেহা।,nacit̪ n ɟa͡i̯le udan beha।
নাচিৎ ন জাইলে উডান্‌ বেঁয়া।,nacit̪ n ɟa͡i̯le udan bẽʲa।
নরম বিবির খড়ম পা হাঁইটতে বিবির ন-লরে গা।,nɔrom bibir kʰɔɽom pa hãitt̪e bibir n-lɔre ga।
নেক সোয়াইগগা নাচন চায় মৌগ সোয়াইগগা ঝাঁড়া খায়।,nek ʃoʷa͡i̯gga nacon caʲ mo͡u̯go ʃoʷa͡i̯gga ɟʱãɽa kʰaʲ।
নরমর পৌন অক্কলে মারে ঘর ফইরলে ছঅলে ওঁরে।,nɔrmɔr po͡u̯no ɔkkole mare gʱɔr pʰo͡i̯rle cʰɔ͡o̯le ũre।
ঘর পড়ে গেলে ছাগলেও পা দিয়ে মাড়ায়।,gʱɔr pɔɽe gele cʰagole͡o̯ pa d̪iʲe maɽaʲ।
নিজঅর ছল্লায় ভাত পরর ছল্লায় হাভাত।,niɟɔr cʰɔllaʲ bʱat̪ pɔror cʰɔllaʲ habʱat̪।
নিজঅর ফোয়ারে চাঙ্গত রাইয় হতিনের পোয়ারে দিই আপ ধরায়।,niɟɔr pʰoʷare caŋgɔt̪o ra͡i̯ʲ hot̪iner poʷare d̪i͡i̯ ap d̪ʱɔraʲ।
নিজঅর ফোয়ারে চাঙ্গত রাইয় অতিনর পোয়ারে দিই সাপ ধরায়।,niɟɔr pʰoʷare caŋgɔt̪o ra͡i̯ʲ ot̪inor poʷare d̪i͡i̯ sap d̪ʱɔraʲ।
নিজঅর ফোয়া তোলা তোলা অতিনর ফোয়া ইডার দলা।,niɟɔr pʰoʷa t̪ola t̪ola ot̪inor pʰoʷa idar d̪ɔla।
নিজঅর ফোয়া তোলা তোলা হতিনের ফোয়া ইডার দলা।,niɟɔr pʰoʷa t̪ola t̪ola hot̪iner pʰoʷa idar d̪ɔla।
নিজে খাইতঅ ভাত নাই কুত্তা আনে বাগা।,niɟe kʰa͡i̯t̪ɔ bʱat̪ na͡i̯ kut̪t̪a ane baga।
"নিজে থঅনর জাগা নাই, কুত্তা আনঅর বাগা।","niɟe æ͡o̯nɔr ɟaga na͡i̯, kut̪t̪a anɔr baga।"
নিজঅরতে আছে তোল্‌ল্গই মামারত আছে তোয়াগই।,niɟɔrt̪e acʰe t̪ollgi mamarɔt̪o acʰe t̪oʷagi।
নিজঅরতে আছে তোল্‌ল্গই মামারত আছে খোঁজগই।,niɟɔrt̪e acʰe t̪ollgi mamarɔt̪o acʰe kʰõɟgi।
নাম ফাইটে যার পোঁন ফাইটে তার।,nam pʰa͡i̯te ɟar põn pʰa͡i̯te t̪ar।
নিজঅর ফোয়ারে যত মারে তত ডাকে 'মা' পরঅর ফোয়ারে যত খাবাও তঅ কয়দে 'না'।, niɟɔr pʰoʷare ɟɔt̪o mare t̪ɔt̪o dake 'ma' pɔrɔr pʰoʷare ɟɔt̪o kʰaba͡o̯ t̪ɔ͡o̯ kɔʲd̪e 'na'।
নিজঅর মা ডেলা বায় আতাই অই সেলাম পায়।,niɟɔr ma dela baʲ at̪a͡i̯ ɔ͡i̯ selam paʲ।
নিজঅর মা ডেলা বায় আতাই অই সেলাম হায়।,niɟɔr ma dela baʲ at̪a͡i̯ ɔ͡i̯ selam haʲ।
নিজঅর বুঅত্তল পুঁই ন-চাই পরর আঁইতল হয় গন্ধ।,niɟɔr bumɔt̪t̪ol pũi n-ca͡i̯ pɔror ãit̪ɔl hɔʲ gɔnd̪ʱo।
নিজঅর আঁইতল হুই ন-চাই পরর আঁইতল কয় গন্ধ।,niɟɔr ãit̪ɔl hu͡i̯ n-ca͡i̯ pɔror ãit̪ɔl kɔʲ gɔnd̪ʱo।
নেক পাইয়ে দে হত নো অর তারউর হাঁচফুক মাগঅর।,nek pa͡i̯ʲe d̪e hɔt̪o no ɔr t̪arur hãcpʰuk magɔr।
নাই দেশৎ এরেন্ডাঅ গাছ পলায়।,na͡i̯ d̪eʃɔt̪ erendaʃ gacʰ pɔlaʲ।
নাই দেশৎ এরেন্ডাঅ গাছ হলায়।,na͡i̯ d̪eʃɔt̪ erendaʃ gacʰ holaʲ।
নির্ধনী ধন পাইলে ঢিবি টিবি চায় হাপুতিয়া পুত পাইলে ডাকিডাকি চায়।,nird̪ʱoni d̪ʱɔn pa͡i̯le dʱibi tibi caʲ haput̪iʲa put̪ pa͡i̯le dakidaki caʲ।
নিদানর বীজধান।,nid̪anor biɟd̪ʱan।
নিতি গরবার আদর নাই নিতুতি ছালনর ফোঁয়াদ নাই।,nit̪i gɔrbar ad̪or na͡i̯ nit̪ut̪i cʰalonɔr pʰõʲad̪ na͡i̯।
"নরমর বুক খঅন, দরর কাছদিঅ ন-যঅন।","nɔrmɔr buk kʰɔ͡o̯n, d̪ɔror kacʰod̪i͡o̯ n-ɟɔ͡o̯n।"
নরমর বাঘ দরর কুইর।,nɔrmɔr bagʱ d̪ɔror ku͡i̯r।
"নেক নাই, পুত নাই, হোয়াল ভরা সিঁদুর ধান নাই, চইল নাই, গোলাভরা উঁদুর।","nek na͡i̯, put̪ na͡i̯, hoʷal bʱɔra ʃĩd̪ur d̪ʱan na͡i̯, co͡i̯l na͡i̯, golabʱɔra ũd̪ur।"
"নেক নাই, পুত নাই, কোয়াল ভরা সিঁদুর ধান নাই, চইল নাই, গোলাভরা উঁদুর।","nek na͡i̯, put̪ na͡i̯, koʷal bʱɔra ʃĩd̪ur d̪ʱan na͡i̯, co͡i̯l na͡i̯, golabʱɔra ũd̪ur।"
নোয়া মুছলমান গরু-খঅইন্যার যম।, noʷa mucʰɔlman -kʰɔ͡o̯͡i̯nnar ɟɔm।
নুন ন-দিলে ঘিঅ মেডি বিদেশ গেলে রাজার ফোয়াও বেডি।,nun n-d̪ile gʱi͡ɔ̯ medi bid̪eʃ gele raɟar pʰoʷa͡o̯ bedi।
নিজর গরু বাআনেজ চরায়।,niɟɔr goru ba͡a̯neɟ cɔraʲ।
"নিজর হাত জগন্নাথ, পরর হাত আঁইডে পাত।","niɟɔr hat̪ ɟɔgonnat̪ʰ, pɔror hat̪ ãide pat̪।"
"নিজর আথাইল ছুঁই-ন চাই, পরর আথাইল কয় গন্ধ।"," niɟɔr at̪ʰa͡i̯lo cʰũi- ca͡i̯, pɔror at̪ʰa͡i̯lo kɔʲ gɔnd̪ʱo।"
নিজর গান পঅলেও চিনে।,niɟɔr gan po͡o̯le͡o̯ cine।
নিজে ভালা অইলে জগৎঅ ভালা।,niɟe bʱala æ͡i̯le ɟɔgot̪o bʱala।
নো অইননার ন-ডইললে চাইল।, no ɔ͡i̯nnar -do͡i̯lle ca͡i̯l।
নিমকহারামি গরন।,nimokɔharami gɔron।
"নিজর হতা পরঅরে হই, আইদ্য গরি ফথৎ বই।","niɟɔr hɔt̪a pɔrore ho͡i̯, a͡i̯d̪d̪o gori pʰɔt̪ʰot̪ bo͡i̯।"
নোয়া-নোয়া বাল উডিলে আতায়-আতায় চায়।,noʷa-noʷa bal udile at̪aʲo-at̪aʲ caʲ।
পরর পিডে মিডে বেশি।,pɔror pide mide beʃi।
পুআর আতথ বিস্কুট দিলে মা-র মন পায়।,pu͡a̯r at̪ot̪ʰo biʃkut d̪ile ma-ro mon paʲ।
পঅর তলে মেডি ন-থাহন।,pɔr t̪ɔle medi n-t̪ʰahon।
ট্যাংঅর তলে মেডি ন-থাহন।,tæŋɔr t̪ɔle medi n-t̪ʰahon।
পুরান চাইল ভাতে বাড়ে।,puran ca͡i̯l bʱat̪e baɽe।
পয়সা থাইলে অউরির মঅতথ লাগে।,pɔʲʃa t̪ʰa͡i̯le ɔ͡u̯rir mɔcot̪ɔt̪ʰ lage।
পেডে হাইলি পিডে সয়।,pede ha͡i̯li pide ʃɔʲ।
পেডত নাই গাদি ভাতঅরে হয়দে হারামজাদি।,pedt̪o na͡i̯ gad̪i bʱat̪ɔre hoʲd̪e haramɟad̪i।
পাঁড়ারে হাড়ে পাঁডি-এ আঁসে পাঁড়ায় হয় তোরল্লাই মগধেশ্বরী আছে।, pãɽare haɽe pãdi- ãʃe pãɽaʲ hɔʲ t̪orolla͡i̯ mɔgod̪ʱeʃʃori acʰe।
পাঁড়ারে হাড়ে পাঁডি-এ আঁসে পাঁড়ায় কয় তোরল্লাই মগধেশ্বরী আছে।, pãɽare haɽe pãdi- ãʃe pãɽaʲ kɔʲ t̪orolla͡i̯ mɔgod̪ʱeʃʃori acʰe।
পঅলর কাম না ছিন্নি হঅন নাইতার কাম না বরকি বঅন।,pɔ͡ɔ̯lɔr kam na cʰinni hɔ͡o̯n na͡i̯t̪ar kam na bɔrki bɔ͡o̯n।
পুংডা মাগির গোঁয়াডা বেশি।,puŋda magir gõʷada beʃi।
পোয়াহালে পাইলাম না শাড়ি লাড়িচাড়ি পইরতাম বুড়াহালে পাইলাম শাড়ি বেড়াইতোড়াই মইরতাম।,poʷahale pa͡i̯lam na ʃaɽi laɽicaɽi pirot̪am buɽahale pa͡i̯lam ʃaɽi beɽa͡i̯t̪oɽa͡i̯ mirot̪am।
পোয়া নষ্ট হাঁডে ঝি নষ্ট ঘাড়ে।,poʷa nɔʃto hãde ɟʱi nɔʃto gʱaɽe।
পাঁচ্চুয়া আঙ্গুল সমান নয় পাঁচুয়া মানুষঅ এক নয়।,pãccuʲa aŋgul ʃɔman nɔʲ pãcuʲa manuʃo æk nɔʲ।
পাঁচ্চুয়া অল হোয়ান নয় পাঁচুয়া মানুষঅ এক নয়।,pãccuʲa ɔl hoʲan nɔʲ pãcuʲa manuʃo æk nɔʲ।
"পিরিত আর গীত ন মানে বাইরা, ন-মানে শীত।","pirit̪o ar git̪o n mane ba͡i̯ra, n-mane ʃit̪।"
"পেড অইয়ে খালি, পোয়াছা দে ফেলি পেড অইয়ে টান, পোয়াছা কাছে আন।","ped ɔ͡i̯ʲe kʰali, poʷacʰa d̪e pʰeli ped ɔ͡i̯ʲe tan, poʷacʰa kacʰe an।"
পাতঅর ভাত কারি লঅন।,pat̪ɔr bʱat̪ kari lɔ͡o̯n।
পাতঅর ভাত হারি লঅন।,pat̪ɔr bʱat̪ hari lɔ͡o̯n।
পানিভাতৎ নষ্ট ঘি বাপঅর বাড়িৎ নষ্ট ঝি।,panibʱat̪ot̪ nɔʃto gʱi bapɔr baɽit̪ nɔʃto ɟʱi।
পোঁচা অউকেও ঠেং কাডে।,põca ɔ͡u̯ke͡o̯ tʰeŋ kade।
পোঁচা ইউকেও ঠেং কাডে।,põca i͡u̯ke͡o̯ tʰeŋ kade।
পানি দেইলে মুত আইয়ে হতিন দেইলে রিশ আইয়ে।,pani d̪e͡i̯le mut̪ a͡i̯ʲe hot̪in d̪e͡i̯le riʃ a͡i̯ʲe।
পরর আশ বনর ঘাস।,pɔror aʃ bɔnor gʱaʃ।
পরর পুত শুয়রর মুত।,pɔror put̪ ʃuʲrɔr mut̪।
পোয়ার কথা কী কইয়ম ভইন ছেপ ছিডিলে গা'ত পড়ে কুড়ইল মাইরলে পা'ত পড়ে।,poʷar kɔt̪ʰa ki ko͡i̯ʲom bʱɔ͡i̯n cʰep cʰidile ga't̪o pɔɽe kuɽil ma͡i̯rle pa't̪o pɔɽe।
পোয়া বিয়াইলাম বৌঅরে দিলাম ঝি বিয়াইলাম জামাইরে দিলাম আর রৈল কী?,poʷa biʲa͡i̯lam bo͡u̯ɔre d̪ilam ɟʱi biʲa͡i̯lam ɟama͡i̯re d̪ilam ar ro͡i̯l ki?
পিডা ক ছিড়া ক ভাতর মতো নঅ খালাক চাচি কমা-র মতো নঅ।, pida k cʰiɽa k bʱat̪or mɔt̪o nɔ͡o̯ kʰalak caci kɔma- mɔt̪o nɔ͡o̯।
পুত ন-অইলি-যে হামাই খাবাবি।,put̪ n-ɔ͡i̯li-ɟe hama͡i̯ kʰababi।
পুত ন-অইলি-যে কামাই খাবাবি।,put̪ n-ɔ͡i̯li-ɟe kama͡i̯ kʰababi।
পোঁদদি আছাইচ্ছা মাদার গাছ দঅন।,põd̪od̪i acʰa͡i̯ccʰa mad̪ar gacʰ d̪ɔ͡o̯n।
পাইটটাইলল্যা পাডিত ন হুতে।,pa͡i̯tta͡i̯lolæ padit̪o n hut̪e।
পাইটটাইলল্যা পাডিত ন পুতে।,pa͡i̯tta͡i̯lolæ padit̪o n put̪e।
"পইর থাই কী অইব, ন থাইলে পানি? ","pir t̪ʰa͡i̯ ki ɔ͡i̯bo, n t̪ʰa͡i̯le pani? "
"ঘর থাই কী অইব, ন থাইলে ছানি? ","gʱɔr t̪ʰa͡i̯ ki ɔ͡i̯bo, n t̪ʰa͡i̯le cʰani? "
পরঅর মাথার উর হাউল ভাঙ্গি হঅন।,pɔrɔr mat̪ʰar ur ha͡u̯l bʱaŋgi hɔ͡o̯n।
পরর গা'ত পাড়া পইরলে নরম নরম লায় নিজর গা'ত পাড়া পইরলে বঅড় ধরঅ ধরঅ লায়।,pɔror ga't̪o paɽa po͡i̯rle nɔrom nɔrom laʲ niɟɔr ga't̪o paɽa po͡i̯rle bo͡o̯ɽ d̪ʱɔro d̪ʱɔro laʲ।
পরঅর ধনদি ফোদ্দারি গরন।,pɔrɔr d̪ʱɔnd̪i pʰod̪d̪ari gɔron।
"পাঁচখাইন্না পাঁচগাইট্টা, রইন্ন্যাঅলা ডেম।","pãckʰa͡i̯nna pãcga͡i̯tta, ro͡i̯nnæ͡ɔ̯la dem।"
পরর ফোঁড়া ঢেঁইদি গালন।,pɔror pʰõɽa dʱẽid̪i galon।
পরঅর ভিডাৎ জরিপ আইলে মারে মাপ নিজর ভিডাৎ জরিপ আইলে বাপরে বাপ।,pɔrɔr bʱidat̪ ɟorip a͡i̯le mare map niɟɔr bʱidat̪ ɟorip a͡i̯le bapre bap।
"পেডঅর ছুরিয়ে পেড হাডে, ঘরঅর অন্দুরে বেড়া হাডে।","pedɔr cʰuriʲe ped hade, gʱɔrɔr ɔnd̪ure beɽa hade।"
পেডৎ ভোক মুখৎ লাজ।,pedot̪ bʱok mukʰt̪ laɟ।
পুতর ভাত বৌঅর হাত।,put̪ɔr bʱat̪ bo͡u̯ɔr hat̪।
পিছ অইলে মিছ।,picʰo æ͡i̯le micʰo।
পিছ হৈলে মিছ।,picʰo ho͡i̯le micʰo।
পৌঁদে পরানে এক ঘর।,po͡ũ̯d̪e pɔrane æk gʱɔr।
"পুতরা আইস্যে ধুতুরা পাতা, বেয়াই আইস্যে রসঅর কথা জামাই আইস্যে ঢেঁইঙ্গা রাখা।","put̪ra a͡i̯ʃʃe d̪ʱut̪ura pat̪a, beʲa͡i̯ a͡i̯ʃʃe rɔʃo͡ɔ̯r kɔt̪ʰa ɟama͡i̯ a͡i̯ʃʃe dʱẽiŋga rakʰa।"
"পুতরা আইস্যে ধুতুরা পাতা, বেহাই আইস্যে রসঅর কথা জামাই আইস্যে ঢেঁইঙ্গা রাখা।","put̪ra a͡i̯ʃʃe d̪ʱut̪ura pat̪a, beha͡i̯ a͡i̯ʃʃe rɔʃo͡ɔ̯r kɔt̪ʰa ɟama͡i̯ a͡i̯ʃʃe dʱẽiŋga rakʰa।"
পোয়াইত্তে পইসা অইলে কুত্তর ছা কিনে।,poʷa͡i̯t̪t̪e po͡i̯ʃa æ͡i̯le kut̪t̪or cʰa kine।
পোয়ার মুতৎ আছাড় খঅন্।,poʷar mut̪ɔt̪ acʰaɽ kʰɔ͡o̯n।
পেডর ভাত চৈল গরন।,pedor bʱat̪ co͡i̯l gɔron।
পোয়ার হাতৎ কেলা দিলে বুড়ার মন পঅন যায়।,poʷar hat̪t̪ kela d̪ile buɽar mon pɔ͡o̯n ɟaʲ।
পেডত দিব না পিডঅত দিবু?,pedt̪o d̪ibo na pidɔt̪o d̪ibu?
পরর জিনিস দি ফইর বিদায় গরঅন।,pɔror ɟiniʃ d̪i pʰo͡i̯r bid̪aʲ gɔron।
পুগের ধনু পছিমে আঁসে আইল্লার লাঙ্গল ফানিত ভাঁসে,puger d̪ʱonu pocʰime ãʃe a͡i̯llar laŋgol pʰanit̪o bʱãʃe
পুউদির ধনু-এ ধান পচিমের ধনু-এ বান।,pu͡u̯d̪ir d̪ʱonu-e d̪ʱan pocimer d̪ʱonu-e ban।
পরর লাই গর্ত কুঁইরলে নিজেও সেই গর্তে পরে। ,pɔror la͡i̯ gɔrt̪o kũirle niɟe͡o̯ ʃe͡i̯ gɔrt̪e pɔre। 
পয়সা অলা গইরলে ফুনে গরিব মইরলে ফুনে।,pɔʲʃa ɔla girle pʰune gorib mo͡i̯rle pʰune।
পয়সা অলা গইরলে হুনে গরিব মইরলে হুনে।,pɔʲʃa ɔla girle hune gorib mo͡i̯rle hune।
"পরর উঅর ভাত খায়, আচারো মাসে বছর গনে।","pɔror u͡ɔ̯r bʱat̪ kʰaʲ, acaro maʃe bɔcʰor gɔne।"
"পরর ঘর, ছেফরেঅ ডর।","pɔror gʱɔr, cʰepʰɔre͡o̯ dɔr।"
"পথৎ পাইলে সোনা, কানৎ দেঅন কি মানা?","pɔt̪ʰot̪ pa͡i̯le ʃona, kanoʃ d̪æ͡o̯n ki mana?"
পাড়া উতর ঘষাঘষিত মরিচঅর জীবন শেষ।,paɽa ut̪or gʱɔʃagʱoʃit̪o moricɔ͡ɔ̯r ɟibɔn ʃeʃ।
"পাঅর জোতা হনে খায়, রুপার জোতা বিয়াঙ্গুনে চায়।","pa͡o̯r ɟot̪a hone kʰaʲ, rupar ɟot̪a biʲaŋgune caʲ।"
পানি ভাতে জরা ন-বডে।, pani bʱat̪e ɟɔra -bode।
"পানি দেইলে মুত চলে, অতিন দেইলে রীষ গরে।","pani d̪e͡i̯le mut̪ cɔle, ot̪in d̪e͡i̯le riʃ gore।"
পাপঅর হোঁজা বঅন।,papɔr hõɟa bɔ͡o̯n।
পাপঅর ফোঁজা বঅন।,papɔr pʰõɟa bɔ͡o̯n।
ফুন ন বইলতে গদ্দানা বলি গিঅই।,pʰun n bo͡i̯lt̪e gɔd̪d̪ana boli gi͡ɔ̯͡i̯।
ফুন্দত নাই তেনা মিডাদি বাত হানা।,pʰund̪ɔt̪o na͡i̯ t̪ena midad̪i bat̪ hana।
ফুন্দত ও আইলে লুডা লই দৌড়াদৌড়ি।,pʰund̪ɔt̪o o a͡i̯le luda lɔ͡i̯ d̪o͡u̯ɽad̪o͡u̯ɽi।
ফুন্দত ও থাকিলে জিলাপি আগন যায়।,pʰund̪ɔt̪o o t̪ʰakile ɟilapi agon ɟaʲ।
ফরর পিডা মুখত মিডা।,pʰɔror pida mukʰt̪o mida।
"ফরর জিনিস হাইতে মজা, ফরর বউ চাইতে মজা।","pʰɔror ɟiniʃ ha͡i̯t̪e mɔɟa, pʰɔror bɔ͡u̯ ca͡i̯t̪e mɔɟa।"
"ফুয়াদল্লাই ছাড়িত ন ফারির, কেঁডাল্লাই গিলিত ন ফারির।","pʰuʲad̪ɔlla͡i̯ cʰaɽit̪o n pʰarir, kẽdalla͡i̯ gilit̪o n pʰarir।"
ফেট ফুরা।,pʰet pʰura।
ফুন ফাডি আমিরাবাত যার।,pʰun pʰadi amirabat̪ ɟar।
ফাঁড়া বাঁশত বিচি বাজি গিয়ে।,pʰãɽa bãʃt̪ɔ bici baɟi giʲe।
ফুউনির নাওএ বিলাই পঅরি।,pʰu͡u̯nir na͡o̯e bila͡i̯ po͡o̯ri।
ফুউনির নাওএ বিলাই পহরি।,pʰu͡u̯nir na͡o̯e bila͡i̯ pɔhori।
ফুয়ানা গু উল্ডাইলেঅ বাস ধায়।,pʰuʲana gu ulda͡i̯le͡o̯ bas d̪ʱaʲ।
ফইর মারি ভাইর কারি লঙ্গন।,pʰo͡i̯r mari bʱa͡i̯r kari loŋgon।
ফেডত ভোক থাইলে শাক-মুন দিয়অ খঅন যায়।, pʰedt̪o bʱok t̪ʰa͡i̯le -mun d̪iʲp kʰɔ͡o̯n ɟaʲ।
ফইর হৈবার আগে ঝোলা কাঁধৎ লঅন।,pʰo͡i̯r ho͡i̯bar age ɟʱola kãd̪ʱɔt̪ lɔ͡o̯n।
"ফইর ন-চিনি, এক টাল ছালাম।","pʰo͡i̯r n-cini, æk tal cʰalam।"
ফোয়াদর ফোড়া হাফোয়াদর গোডা।,pʰoʷad̪ɔr pʰoɽa hapʰoʷad̪ɔr goda।
ফোতা ফাডাই দিয়ম।,pʰot̪a pʰada͡i̯ d̪iʲom।
ফুইচর পোদদি কুরৈল চালান।,pʰu͡i̯cɔr pod̪od̪i kuro͡i̯lo calan।
ফেঁঝাত ফেঁঝা আটকে।,pʰẽɟʱat̪ pʰẽɟʱa atke।
ফঅনা ধানৎ আফটা দঅন।,pʰo͡o̯na d̪ʱanot̪ apʰta d̪ɔ͡o̯n।
ফলর হাম ন সিন্নি হঅন।,pʰɔlor ham n ʃinni hɔ͡o̯n।
ফডত গেইয়ে।,pʰdɔt̪o ge͡i̯ʲe।
ফিড ওদিলা গরি মাথাত ঘোঁডা দেঅন।,pʰid od̪ila gori mat̪ʰat̪ gʱõda d̪æ͡o̯n।
ফোঁন্দত শিল বাঁধিলেঅ ভর ন হইস।,pʰõnd̪ɔt̪o ʃil bãd̪ʱile͡o̯ bʱɔr n ho͡i̯ʃ।
"ফুইন্নছ নি হথা গালৎ আত, পোয়া হইয়ে যে চৈদ্দ আত।","pʰu͡i̯nncʰo ni hɔt̪ʰa galot̪ at̪o, poʷa ho͡i̯ʲe ɟe co͡i̯d̪d̪o at̪o।"
ফলে কি গাছর ভর ধরে?,pʰɔle ki gacʰor bʱɔr d̪ʱore?
ফাঁনির দরে ইলিশ।,pʰãnir d̪ɔre iliʃ।
ফুসফুসনি গুছগুছনি,pʰuʃpʰuʃoni gucʰgucʰoni
ব্যকগুনর ফুন্দত ও আছে।,bækgunɔr pʰund̪ɔt̪o o acʰe।
বাহা শীতে মরে।,baha ʃit̪e more।
"বেয়াগ মাছে গু খায়, বদনাম হয় পাঁইসসের।","beʲag macʰe gu kʰaʲ, bɔd̪onam hɔʲ pãiʃɔser।"
বেশি বাছিলে গু অত হাত পরে।,beʃi bacʰile gu ɔt̪o hat̪ pɔre।
বেশি নাড়িলে বাঁস বাইর অয়।,beʃi naɽile bãʃ ba͡i̯r ɔʲ।
"বিদেশিদের নারী, ফ্যাশনের দাড়ি, হাল কুইল্লে বাড়ি আর পার কুইল্লে গাই-এই চাইর জাতের কোনো বিশ্বাস নাই।","bid̪eʃid̪er nari, pʰæʃoner d̪aɽi, hal ku͡i̯lle baɽi ar par ku͡i̯lle ga͡i̯-e͡i̯ ca͡i̯r ɟat̪er kono biʃʃaʃ na͡i̯।"
"বাইন্ধে চুলে, পিন্ধে হরে যেন মউত অই।","ba͡i̯nd̪ʱe cule, pind̪ʱe hore ɟeno mut̪o ɔ͡i̯।"
"বাইন্ধে চুলে, পিন্ধে কড়ে যেন মউত অই।

বেচি কিনি হাঁচা লাভ বেরায় খেত খায়।","ba͡i̯nd̪ʱe cule, pind̪ʱe koɽe ɟeno mut̪o ɔ͡i̯।

beci kini hãca labʱ beraʲ kʰet̪ kʰaʲ।"
বেচি কিনি আতা লাভ বেরায় খেত খায়।,beci kini at̪a labʱ beraʲ kʰet̪ kʰaʲ।
বিয়ার টিয়া ভূতে যোগায়।,biʲar tiʲa bʱut̪e ɟogaʲ।
বানঅন তুন তুননত হষ্ট বেশি।,banɔn t̪un t̪unonot̪o hɔʃto beʃi।
"বড়অ বউ বড়অ মাইন্‌ন্সর ঝি, তার মহিমা হইয়ম কী মাইজ্জা বউঅর আতত হরা, হদাই গুশটি ভাতে মরা ছোড বউ কোছত টান হদাই গুশটির পরাণ খান।","bɔɽo͡ɔ̯ bɔ͡u̯ bɔɽo͡ɔ̯ ma͡i̯nnʃɔr ɟʱi, t̪ar mohima ho͡i̯ʲom ki ma͡i̯ɟɟa bɔ͡u̯͡ɔ̯r at̪ɔt̪o hɔra, hod̪a͡i̯ guʃti bʱat̪e mɔra cʰod bɔ͡u̯ kocʰot̪o tan hod̪a͡i̯ guʃtir pɔran kʰan।"
বিয়া নঅ গরি বলি বৈরাঅ নঅ যা'ই না?,biʲa nɔ͡o̯ gori boli bo͡i̯ra͡o̯ nɔ͡o̯ ɟa'i na?
বদনাইম্যার বদনাম পুতে বিয়াইলেঅ ঝিঅর নাম।,bɔd̪ona͡i̯mmar bɔd̪onam put̪e biʲa͡i̯le͡o̯ ɟʱi͡ɔ̯r nam।
বিদেইশৃশার পিরিতি দুউইরগার ডাহাাতি।,bid̪e͡i̯siʃar pirit̪i d̪u͡u̯irɔgar daha͡a̯t̪i।
বিদেইশৃশার পিরিতি দুউইয্যার ডাহাাতি।,bid̪e͡i̯siʃar pirit̪i d̪u͡u̯iɟɟar daha͡a̯t̪i।
"বৌয়ে হয় আন, ঝিয়ে হয় রান অউরির পরাণ লই অইয়ে টানমান।","bo͡u̯ʲe hɔʲ an, ɟʱiʲe hɔʲ ran ɔ͡u̯rir pɔran lɔ͡i̯ ɔ͡i̯ʲe tanman।"
বসঅর পাদঅ বাঁস নাই।,bɔʃo͡ɔ̯r pad̪o͡ɔ̯ bãʃ na͡i̯।
বাহায় শীতে মরে রৈদে ফুআয়।,bahaʲ ʃit̪e more ro͡i̯d̪e pʰu͡a̯ʲ।
বাঅরে ফুডানি মারে ঘঅরত আই চুলাত ঠেং গললাইদি চায়।,ba͡o̯re pʰudani mare gʱo͡ɔ̯rɔt̪o a͡i̯ culat̪ tʰeŋ gɔlla͡i̯d̪i caʲ।
বেডি মাইনসুর চৌগর ঠারে পরর জামাইর মন হাড়ে।,bedi ma͡i̯nʃur co͡u̯gor tʰare pɔror ɟama͡i̯r mon haɽe।
বাঁদিএ শিখে গরি ধরি বিবিয়ে শিখে ঠুনি ধরি।,bãd̪i͡e̯ ʃikʰe gori d̪ʱori bibiʲe ʃikʰe tʰuni d̪ʱori।
বাঁদির পুত সুলতান খাঁ টেইত বই আরাকান যা।,bãd̪ir put̪ sult̪an kʰã te͡i̯t̪o bo͡i̯ arakan ɟa।
বরঅ ধইল্লা ঘোড়া ঝিঅর ন-যায় হাঁডু গোরা।,bɔro͡ɔ̯ d̪ʱo͡i̯lla gʱoɽa ɟʱi͡ɔ̯r n-ɟaʲ hãdu gora।
বনঅর বাঘে ন-খাইতে মনঅর বাঘে খঅন।,bɔnɔr bagʱe n-kʰa͡i̯t̪e monɔr bagʱe kʰɔ͡o̯n।
বারি হাছে ঘাঁড়া দূর।,bari hacʰe gʱãɽa d̪ur।
বারি কাছে ঘাঁড়া দূর।,bari kacʰe gʱãɽa d̪ur।
বাইন্ন্যার টুগুর টাগুর কামাইয্যার এক বারি।,ba͡i̯nnar tugur tagur kama͡i̯ɟɟar æk bari।
বন পোড়া গেইলে বেঅগুনে দেখে মন পোড়া গেইলে কেঅয় ন-দেখে।,bɔno poɽa ge͡i̯le be͡ɔ̯gune d̪ekʰe mon poɽa ge͡i̯le ke͡ɔ̯ʲo n-d̪ekʰe।
বঅই থঅনতুন বেগার খাডন ভালা।,bɔ͡o̯i æ͡ɔ̯nt̪un begar kʰadon bʱala।
বই হাইলে রাজার ভান্ডারেঅ ন-কুলায়।, bo͡i̯ ha͡i̯le raɟar bʱandare͡o̯ -kulaʲ।
বই খাইলে রাজার ভান্ডারেঅ ন-কুলায়।, bo͡i̯ kʰa͡i̯le raɟar bʱandare͡o̯ -kulaʲ।
বুড়ার কথাত কুরার ও যোয়ানর কথা সার চিতহই পড়ি ভাবি চগুই পোঁন মারা যার কার।,buɽar kɔt̪ʰat̪ kurar o ɟoʷanor kɔt̪ʰa ʃar cit̪ɔho͡i̯ poɽi bʱabi cogu͡i̯ põn mara ɟar kar।
বলীর ঘাম নির্বলীর ঘুম।,bolir gʱam nirbolir gʱum।
বেইন্নার গরবা থায় না আজইন্নের গরবা যায় না।,be͡i̯nnar gɔroba t̪ʰaʲ na aɟinner gɔroba ɟaʲ na।
বাঁআলর পেডে ঘি-ভাত ন-সয়।,bãalɔr pede gʱi-bʱat̪ n-ʃɔʲ।
বাত্তি নিবাইলে অক্কল মায়েলা সোন্দর।,bat̪t̪i niba͡i̯le ɔkkol maʲela sond̪ɔr।
বনর বাঘে খার'না মনর বাঘে খার।,bɔnor bagʱe kʰar'na monor bagʱe kʰar।
বাঘে চুঁইলে আচারঅ ঘা পোলিশে চুঁইলে ছততিরিশ ঘা।,bagʱe cũile acaro gʱa poliʃe cũile cʰɔt̪ot̪iriʃ gʱa।
বিলাইরে মাছ চৈ দিতঅ দেঅন।,bila͡i̯re macʰ co͡i̯ d̪it̪ɔ͡ɔ̯ d̪æ͡o̯n।
বাঁদররে পস্কি দিইলে কাঁধত চরে।,bãd̪rre pɔski d̪i͡i̯le kãd̪ʱt̪o cɔre।
বাঁদররে পস্কি দিইলে কাঁধত ওডে।,bãd̪rre pɔski d̪i͡i̯le kãd̪ʱt̪o ode।
বেডা লাগাই দঅন।,beda laga͡i̯ d̪ɔ͡o̯n।
বড়অ পাডি পরিরৈএ বৈউইন্যা নাই বড়অ উডান পরিরৈএ ফুরঅন্যা নাই।,bɔɽo͡ɔ̯ padi poriro͡i̯e bo͡i̯͡u̯inna na͡i̯ bɔɽo͡ɔ̯ udan poriro͡i̯e pʰurɔnna na͡i̯।
বড়অ ছপ পরিরৈএ বৈউইন্যা নাই বড়অ উডান পরিরৈএ ফুরঅন্যা নাই।,bɔɽo͡ɔ̯ cʰɔp poriro͡i̯e bo͡i̯͡u̯inna na͡i̯ bɔɽo͡ɔ̯ udan poriro͡i̯e pʰurɔnna na͡i̯।
বেআক্কলরে আক্কল দিলে নিজঅর আক্কল খয় আক্কলদাররে আক্কল দিলে আরও আক্কল বয়।,be͡a̯kkolre akkol d̪ile niɟɔr akkol kʰɔʲ akkold̪arre akkol d̪ile arɔ͡o̯ akkol bɔʲ।
বাইন্না মার কানঅর্ সোনাঅ চুরি গরে।,ba͡i̯nna mar kanɔr ʃona͡o̯ curi gore।
বাঁদঅর বুড়া হৈলেঅ গাছ বাঁয়।,bãd̪ɔr buɽa ho͡i̯le͡o̯ gacʰ bãʲ।
বাঁদঅর বুড়া অইলেঅ গাছ বাঁয়।,bãd̪ɔr buɽa æ͡i̯le͡o̯ gacʰ bãʲ।
বেডা লাগাই দঅন।,beda laga͡i̯ d̪ɔ͡o̯n।
বড়অ পাডি পরিরৈএ বৈউইন্যা নাই বড়অ উডান পরিরৈএ ফুরঅন্যা নাই।,bɔɽo͡ɔ̯ padi poriro͡i̯e bo͡i̯͡u̯inna na͡i̯ bɔɽo͡ɔ̯ udan poriro͡i̯e pʰurɔnna na͡i̯।
বড়অ ছপ পরিরৈএ বৈউইন্যা নাই বড়অ উডান পরিরৈএ ফুরঅন্যা নাই।,bɔɽo͡ɔ̯ cʰɔp poriro͡i̯e bo͡i̯͡u̯inna na͡i̯ bɔɽo͡ɔ̯ udan poriro͡i̯e pʰurɔnna na͡i̯।
"বেআক্কলরে আক্কল দিলে নিজঅর আক্কল খয়, আক্কলদাররে আক্কল দিলে আরও আক্কল বয়।","be͡a̯kkolre akkol d̪ile niɟɔr akkol kʰɔʲ, akkold̪arre akkol d̪ile arɔ͡o̯ akkol bɔʲ।"
বাইন্না মার কানঅর্ সোনাঅ চুরি গরে।,ba͡i̯nna mar kanɔr ʃona͡o̯ curi gore।
"বাঁদঅর বুড়া হৈলেঅ গাছ বাঁয়।

বাঁদঅর বুড়া অইলেঅ গাছ বাঁয়।","bãd̪ɔr buɽa ho͡i̯le͡o̯ gacʰ bãʲ।

bãd̪ɔr buɽa æ͡i̯le͡o̯ gacʰ bãʲ।"
বাঘে মৈষে হাল।,bagʱe mo͡i̯ʃe hal।
বুক ফাডে ত মুখ ন-ফাডে।,buk pʰade t̪o mukʰ n-pʰade।
বিপদত পইরল্যে বন্দা হাজার শিন্নি মানে বিপদেত্যুন উডিলে বন্দা কিচ্ছু ন-জানে।,bipɔd̪ɔt̪o po͡i̯rolle bond̪a haɟar ʃinni mane bipod̪et̪t̪un udile bond̪a kiccʰu n-ɟane।
বাইন্‌নার কাছে ধন্যা বেচন।,ba͡i̯nnar kacʰe d̪ʱonna bemon।
"ব্যাংয়র কীঅর সদ্দি, কীঅর গম্মি?","bæŋʲor ki͡ɔ̯r ʃɔd̪d̪i, ki͡ɔ̯r gommi?"
বুড়ি মরক চালা ফাডক।,buɽi mɔrok cala pʰadok।
বাত্তির তলে আঁধার।,bat̪t̪ir t̪ɔle ãd̪ʱar।
বাপকা বেটা সিপাইকা ঘোড়া বউ ন অইলেঅ থোরা থোরা।,bapka beta ʃipa͡i̯ka gʱoɽa bɔ͡u̯ n æ͡i̯le͡o̯ t̪ʰora t̪ʰora।
"বুদ্ধিতে অক্কলে ঘটে, কোয়ালর পোয়ারে কেঅয়র ন-আঁডে।","bud̪d̪ʱit̪e ɔkkole gʱɔte, koʷalɔr poʷare ke͡ɔ̯ʲor n-ãde।"
"বুদ্ধিতে অক্কলে ঘটে, কোয়ালর হঙ্গে কেঅয়র ন-আঁডে।","bud̪d̪ʱit̪e ɔkkole gʱɔte, koʷalɔr hoŋge ke͡ɔ̯ʲor n-ãde।"
বাঘঅর বল বারঅ বছঅর।,bagʱɔr bɔl baro bɔcʰɔr।
" বড়অর কথা ন-লড়ে, গজর দাঁত ন-পড়ে।"," bɔɽɔr kɔt̪ʰa n-lɔɽe, gɔɟor d̪ãt̪ n-pɔɽe।"
বককর চককর ন-গইরযঅ।, bɔkkor cɔkkor -go͡i̯rɟo͡o̯।
"বাঅরদি ভালা মানুষ, তলে তলে কচুর লতি আঁডায়।","ba͡ɔ̯rod̪i bʱala manuʃ, t̪ɔle t̪ɔle kocur lot̪i ãdaʲ।"
বুইজ্জা দাদারে চোদাইন্না শিখরদ্দে না,bu͡i̯ɟɟa d̪ad̪are cod̪a͡i̯nna ʃikʰorod̪d̪e na
বাঁআলরে হাইকোর্ট দেখদ্দে না।,bãalɔre ha͡i̯kort d̪ekʰɔd̪d̪e na।
বিলর মইধ্যে চিলর বাআ।,bilɔr mo͡i̯d̪d̪ʱe cilɔr ba͡a̯।
"বাঁদির পোয়া বাইট্যা, উঁদুর মারি মেডিত ন-দের পা রাজার পোয়া হাতি মারি লাজে ন-গরে হা।","bãd̪ir poʷa ba͡i̯tt̪a, ũd̪ur mari medit̪o n-d̪er pa raɟar poʷa hat̪i mari laɟe n-gore ha।"
বাঘ দেইকখুছ বাঘঅর ভেঁয়ডি নঅ দেখস।,bagʱ d̪e͡i̯kkʰucʰo bagʱɔr bʱẽʲdi nɔ͡o̯ d̪ækʰʃ।
বাপঅর পোঁদৎ কেশ নাই পুতঅর কান চাবা হোয়ান দাঁড়ি।,bapɔr põd̪t̪ keʃ na͡i̯ put̪ɔro kan caba hoʲan d̪ãɽi।
বাপঅর দুয়ারত গেলে দেয় ধান বাড়া ভাইঅর দুয়ারত গেলে কোলত দে পোয়া বুঝি চাইলাম ভালা নিজঅর ভাঁয়া ডেরা।,bapɔr d̪uʲarɔt̪o gele d̪eʲ d̪ʱan baɽa bʱa͡i̯͡ɔ̯r d̪uʲarɔt̪o gele kolot̪o d̪e poʷa buɟʱi ca͡i̯lam bʱala niɟɔr bʱãʲa dera।
বাতাসঅর আগে উড়ি যঅন।,bat̪aʃɔr age uɽi ɟɔ͡o̯n।
বিষ হাই বিষ অজম গরন।,biʃ ha͡i̯ biʃ ɔɟɔm gɔron।
বুইরগ্যা কুইরগ্যাততুন গইযযাই গইরগাই গইরগাই দইরগাত পইরগে।,bu͡i̯rɔgga ku͡i̯roggat̪ɔt̪un go͡i̯ɟɟa͡i̯ go͡i̯rga͡i̯ go͡i̯rga͡i̯ d̪o͡i̯rgat̪ po͡i̯rge।
বুইজ্যা কুইজ্যাততুন গইযযাই গইযযাই গইরগাই দইযযাত পইযযে।,bu͡i̯ɟɟa ku͡i̯ɟɟat̪ɔt̪un go͡i̯ɟɟa͡i̯ go͡i̯ɟɟa͡i̯ go͡i̯rga͡i̯ d̪o͡i̯ɟɟat̪ po͡i̯ɟɟe।
"বুরা গরু, চোবা ধান","bura goru, coba d̪ʱan"
যে বেঁচে তেই সেয়ান।,ɟe bẽce t̪e͡i̯ ʃeʲan।
বেল ফাগিলে হাওয়োর কী?,bel pʰagile ha͡o̯ʲor ki?
"বারো বাড়ি, তেরো খামার যেই বারিৎ যাই এই বারি আঁর।","baro baɽi, t̪ero kʰamar ɟe͡i̯ barit̪ ɟa͡i̯ e͡i̯ bari ãr।"
বিদ্দেনাশ অই গেইল।,bid̪d̪enaʃ ɔ͡i̯ ge͡i̯l।
বুইজ্জা দাদারে হাশানি ন-শিখেইছ।, bu͡i̯ɟɟa d̪ad̪are haʃani -ʃikʰe͡i̯cʰo।
বুইজ্জা দাদারে চুদঅন ন-শিখেইছ।, bu͡i̯ɟɟa d̪ad̪are cud̪ɔn -ʃikʰe͡i̯cʰo।
বাঁআলে হানা দেইলে ঘর বন্ধক রাখি অইলেও হাইবু।,bãale hana d̪e͡i̯le gʱɔr bond̪ʱok rakʰi æ͡i̯le͡o̯ ha͡i̯bu।
বাঁআলে খানা দেইলে ঘর বন্ধক রাখি অইলেও হাইবু।,bãale kʰana d̪e͡i̯le gʱɔr bond̪ʱok rakʰi æ͡i̯le͡o̯ ha͡i̯bu।
ভাঙ্গা ট্যাং নিত্তি গাতত।,bʱaŋga tæŋ nit̪t̪i gat̪ɔt̪o।
ভাইএ চাঁচে ওঁচা ভইনে বাঁধে মোচা।,bʱa͡i̯͡e̯ cãce õca bʱo͡i̯ne bãd̪ʱe moca।
ভাইপুতঅর আতত মোলা দিলে ভাবির মন পঅন যায়।,bʱa͡i̯put̪ɔro at̪ɔt̪o mola d̪ile bʱabir mon pɔ͡o̯n ɟaʲ।
ভাইস্য নাই বেডার বিয়া পান কিনতঅ গিয়ে কুতুবদিয়া।,bʱa͡i̯ʃʃo na͡i̯ bedar biʲa pan kint̪o͡o̯ giʲe kut̪ubd̪iʲa।
ভাত ছিডিলে হাউয়ার অভাব নো-অয়।,bʱat̪ cʰidile ha͡u̯ʲar ɔbʱab no-ɔʲ।
ভেউরার বাআত ঢেইং ন-মারিছ।, bʱe͡u̯rar ba͡a̯t̪ dʱe͡i̯ŋ -maricʰo।
ভাদ মাইস্যা কুত্তার নানকা গরঅর।,bʱad̪ ma͡i̯sʃa kut̪t̪ar nanka gɔrɔr।
ভাইস্যে নাইয়া বেডার বিয়া পান কিনতঅ গেইয়ে কুতুবদিয়া।,bʱa͡i̯sʃe na͡i̯ʲa bedar biʲa pan kint̪o͡o̯ ge͡i̯ʲe kut̪ubd̪iʲa।
"ভাইযযা খোদা, অভাইযযা খোদা।","bʱa͡i̯ɟɟa kʰod̪a, ɔbʱa͡i̯ɟɟa kʰod̪a।"
"বাইরগ্যা খোদা, অভাইযযা খোদা।","ba͡i̯rɔgga kʰod̪a, ɔbʱa͡i̯ɟɟa kʰod̪a।"
ভাগ্যিত্যার নাও ফাহাড়র উয়াদ্দি যায় অভাগ্যিত্যার নাও দরিয়াত ভায়।,bʱaggit̪t̪ar na͡o̯ pʰahaɟʱɔr uʷad̪d̪i ɟaʲ ɔbʱaggit̪t̪ar na͡o̯ d̪oriʲat̪ bʱaʲ।
"ভাত মজা উয়াইস্যার, বউ মজা পরবাইস্যার।","bʱat̪ mɔɟa uʲa͡i̯ʃʃar, bɔ͡u̯ mɔɟa pɔrba͡i̯sʃar।"
ভিজাইলে কেথা ভর হয় যার কেথা তে তে বয়।,bʱiɟa͡i̯le ket̪ʰa bʱɔr hɔʲ ɟar ket̪ʰa t̪e t̪e bɔʲ।
"ভুখারে দিও ভাত, তিরাশিরে দিও ফানি লেনডারে দিও হঅর, আখেরের নিশানি।","bʱukʰare d̪i͡o̯ bʱat̪, t̪iraʃire d̪i͡o̯ pʰani lendare d̪i͡o̯ hɔ͡ɔ̯r, akʰerer niʃani।"
ভালার ভালা অক্কলে হয় খারাপঅর ভালা কেঅয় নহয়।,bʱalar bʱala ɔkkole hɔʲ kʰarapɔr bʱala ke͡ɔ̯ʲo nɔhoʲ।
ভালার ভালা হক্কলে হয় খারাপঅর ভালা কেঅয় নহয়।,bʱalar bʱala hɔkkole hɔʲ kʰarapɔr bʱala ke͡ɔ̯ʲo nɔhoʲ।
ভালার লয় ভালা খারাপঅর লয় আলা।,bʱalar lɔʲ bʱala kʰarapɔr lɔʲ ala।
ভালা মাইনষর জোতা বইও অমাইনষর ফরিঅ ন বইও।,bʱala ma͡i̯nʃɔr ɟot̪a bo͡i̯͡o̯ ɔma͡i̯nʃɔr pʰori͡o̯ n bo͡i̯͡o̯।
ভালার লাই দিলাম তেল পড়া তেলে গেইলযে কোয়াল পোড়া।,bʱalar la͡i̯ d̪ilam t̪el pɔɽa t̪ele ge͡i̯lne koʷal poɽa।
ভালার নাম আলায়অ গরে আলার নাম কেয়ই ন-গরে।ভরাত ভরঅন।, bʱalar nam alaʲpɔ gore alar nam keʲi -।bʱɔrat̪ bʱɔron।
ভাইগঅ যার হোয়ালত ফলে বুদ্ধি তার পোঁদদি ঠেলে।,bʱa͡i̯go ɟar hoʷalɔt̪o pʰɔle bud̪d̪ʱi t̪ar põd̪od̪i tʰele।
ভাতের কোয়ালে ছাতি জাতের কোয়ালে লাথি।,bʱat̪er koʷale cʰat̪i ɟat̪er koʷale lat̪ʰi।
ভোক থাইলে হুদাঅ রচে ভেউরায় হঅরাইলে বুড়াঅ নাচে।,bʱok t̪ʰa͡i̯le hud̪a͡ɔ̯ rɔce bʱe͡u̯raʲ hɔ͡ɔ̯ra͡i̯le buɽa͡o̯ nace।
ভূতর বেহার খাডন।,bʱut̪ɔr behar kʰadon।
ভূতর বেগার খাডন।,bʱut̪ɔr begar kʰadon।
ভেরা বানাই রাহন।,bʱera bana͡i̯ rahon।
ভূতর হোঁজা বঅন।,bʱut̪ɔr hõɟa bɔ͡o̯n।
ভূতর ফোঁজা বঅন।,bʱut̪ɔr pʰõɟa bɔ͡o̯n।
ডাইঅর বলে কুঁচ্চি ধরন।,da͡i̯͡ɔ̯r bole kũcci d̪ʱɔron।
ভাইরগা ভাতৎ ছাই দঅন্।,bʱa͡i̯rga bʱat̪ot̪ cʰa͡i̯ d̪ɔ͡o̯n।
ভালা খাবাইলঅ মন্দ খাবাইলঅ ঢেউয়া খালর ফানি আল্লায় বানাইয়ে তারে পাক্কা রাঁধনী। ,bʱala kʰaba͡i̯lo mond̪o kʰaba͡i̯lo dʱe͡u̯ʲa kʰalor pʰani allaʲ bana͡i̯ʲe t̪are pakka rãd̪ʱoni। 
মানঅলার মান ছইগাছ তলাৎ গেলেও থাকে।,mano͡ɔ̯lar man cʰo͡i̯gacʰ t̪ɔlat̪ gele͡o̯ t̪ʰake।
মানঅলার মান ছইগাছ তলাৎ গেলেও থাহে।,mano͡ɔ̯lar man cʰo͡i̯gacʰ t̪ɔlat̪ gele͡o̯ t̪ʰahe।
মিডের লাভ পিড়েয় খায়।,mider labʱ piɽeʲo kʰaʲ।
"মুইচ অলা হাই গেইয়ে, দাড়ি অলা বাজি গিয়ে।","mu͡i̯c ɔla ha͡i̯ ge͡i̯ʲe, d̪aɽi ɔla baɟi giʲe।"
মেজ্জাইন্যা ভাতে ফইর চু'বান।, meɟɟa͡i̯nna bʱat̪e pʰo͡i̯r 'ban।
মহাজনর কুঁজ্জা পোয়াততুন হাইললার হাম্মো পোয়া বউত ভালা।,mɔhaɟɔnor kũɟɟa poʲat̪t̪un ha͡i̯llar hammo poʷa bɔ͡u̯t̪o bʱala।
মহাজনর কুঁজ্জা পোয়াততুন হাইললার কাম্মো পোয়া বউত ভালা।,mɔhaɟɔnor kũɟɟa poʲat̪t̪un ha͡i̯llar kammo poʷa bɔ͡u̯t̪o bʱala।
মোশরির বাআদ্দি ঠেং টাইনলে মোশায় খরায়ইব।,moʃorir ba͡a̯d̪d̪i tʰeŋ ta͡i̯nle moʃaʲ kʰɔraʲib।
মোশরির বাআদ্দি ঠেং টাইনলে মোশায় হরাইব।,moʃorir ba͡a̯d̪d̪i tʰeŋ ta͡i̯nle moʃaʲ hora͡i̯bo।
মা ন-জানে কচু শাক কুইটতঅ ঝি-এ চায় যে ছালন রাইনতঅ।,ma n-ɟane kocu ʃak ku͡i̯tɔt̪ɔ͡o̯ ɟʱi-e caʲ ɟe cʰalon ra͡i̯not̪o͡o̯।
মা ন-জানে কচু আক কুইটতঅ ঝি-এ চায় যে ছালন রাইনতঅ।,ma n-ɟane kocu ak ku͡i̯tɔt̪ɔ͡o̯ ɟʱi-e caʲ ɟe cʰalon ra͡i̯not̪o͡o̯।
মা ন-জানে কচু হাক ঘাঁইটতঅ ঝি গেইয়ে-যে কোর্মা রাইন্তঅ।,ma n-ɟane kocu hak gʱãitɔt̪o͡o̯ ɟʱi ge͡i̯ʲe-ɟe korma ra͡i̯nt̪o͡o̯।
"মুখ নষ্ট বরলে, বাড়ি নষ্ট অরলে পইর নষ্ট ফেনায়, মানুষ নষ্ট কানায়","mukʰ nɔʃto borle, baɽi nɔʃto ɔrle pir nɔʃto pʰenaʲ, manuʃ nɔʃto kanaʲ"
মদ্দর জিদে বাদশা মাইয়ালার জিদে বেইস্যা।,mɔd̪d̪or ɟid̪e bad̪ʃa ma͡i̯ʲalar ɟid̪e be͡i̯ʃʃa।
"মরদ পোয়ার কানত্ শীত, মাইয়া পোয়ার রানত শীত।","mɔrod̪ poʷar kanɔt̪ ʃit̪, ma͡i̯ʲa poʷar ranot̪o ʃit̪।"
মুখত দাড়ি বুকত কেশ এইগিন অইলদে মদ্দর বেশ।,mukʰt̪o d̪aɽi bukɔt̪o keʃ e͡i̯gin ɔ͡i̯ld̪e mɔd̪d̪or beʃ।
মাথার উঅরদি শকুন উরের।,mat̪ʰar u͡ɔ̯rod̪i ʃokun urer।
মাথার উঅরদি হক্কুন উরের।,mat̪ʰar u͡ɔ̯rod̪i hɔkkun urer।
মাছে ন-চিনে জাল মাইন্সে ন-চিনে কাল।,macʰe n-cine ɟal ma͡i̯nse n-cine kal।
মদ্দর জিদে বাদশা মাইয়ালার জিদে বেইস্যা।,mɔd̪d̪or ɟid̪e bad̪ʃa ma͡i̯ʲalar ɟid̪e be͡i̯ʃʃa।
"মরদ পোয়ার কানত্ শীত, মাইয়া পোয়ার রানত শীত।","mɔrod̪ poʷar kanɔt̪ ʃit̪, ma͡i̯ʲa poʷar ranot̪o ʃit̪।"
মুখত দাড়ি বুকত কেশ এইগিন অইলদে মদ্দর বেশ।,mukʰt̪o d̪aɽi bukɔt̪o keʃ e͡i̯gin ɔ͡i̯ld̪e mɔd̪d̪or beʃ।
মাথার উঅরদি হক্কুন উরের।,mat̪ʰar u͡ɔ̯rod̪i hɔkkun urer।
মাথার উঅরদি শকুন উরের।,mat̪ʰar u͡ɔ̯rod̪i ʃokun urer।
মাইন্সে ন-চিনে বিপদ।,ma͡i̯nse n-cine bipɔd̪।
মাইন্সে ন-চিনে কাল।,ma͡i̯nse n-cine kal।
মাথার উঅর সাত-আত পানি।,mat̪ʰar u͡ɔ̯r ʃat̪-at̪o pani।
মরা পরানত বাঁচি থঅন।,mɔra pɔranot̪o bãci æ͡o̯n।
মিডা হাই কুত্তার কেশ যায় তঅ কুত্তা হাডৎ যায়।,mida ha͡i̯ kut̪t̪ar keʃ ɟaʲ t̪ɔ͡o̯ kut̪t̪a hadt̪ ɟaʲ।
মাগা দুধে ফোয়া ন-বাঁচে।, maga d̪ud̪ʱe pʰoʷa -bãce।
তোলা দুধে ফোয়া ন-বাঁচে।, t̪ola d̪ud̪ʱe pʰoʷa -bãce।
মুলা তোলা কা তোলর বায়ন তোলা তোল।,mula t̪ola ka t̪olor baʲon t̪ola t̪ol।
মোয়াপর কাছে কুরা বাগা দেওন।,moʲapɔr kacʰe kura baga d̪æ͡o̯n।
মল্লার দউর মসৈদ লঅতিক।,mɔllar d̪ɔ͡u̯r moʃo͡i̯d̪ lo͡o̯t̪ik।
মাইরঅ রে ভূতে পেরতেঅ ডরায়।,ma͡i̯ro͡o̯ re bʱut̪e perot̪e͡o̯ dɔraʲ।
মিডা চুঁইলে মুখৎ রস।,mida cũile mukʰt̪ rɔʃ।
মিডা চুষিলে মুখৎ রস।,mida cuʃile mukʰt̪ rɔʃ।
মিডা কথায় দুইন্নাই বশ্।,mida kɔt̪ʰaʲ d̪u͡i̯nna͡i̯ bɔʃ।
মাছঅর পোঁচন মাথাতুন শুরু।,macʰɔr põcɔn mat̪ʰat̪un ʃuru।
মাছঅর পচন মাথাতুন শুরু।,macʰɔr pɔcon mat̪ʰat̪un ʃuru।
মাথাত নলই উইনর ডরে মেডিত ন-শুই ফিইরের ডরে।,mat̪ʰat̪ nɔli u͡i̯nɔr dore medit̪o n-ʃu͡i̯ pʰi͡i̯rer dore।
মৈষঅর নান চালি পেলন।, mo͡i̯ʃɔ͡ɔ̯r nan cali pælon।
মাহড়র ডইল্লে চুঁই খঅন।,mahoɽɔr dille cũi kʰɔ͡o̯n।
"মা-র প্রমাণ ঝি, গাইঅর প্রমাণ ঘি।","ma-ro proman ɟʱi, ga͡i̯͡ɔ̯r proman gʱi।"
মা-র মতন মঈ নয়। ,ma-ro mɔt̪on mɔ͡i̯ nɔʲ। 
ডাইন আতর নান বাঁ-আত নয়।, da͡i̯n at̪or nan bã- nɔʲ।
মা-র বইন হালা মাতুনঅ ভালা বাপর বইন ফু কুত্তার নান রু।, ma-ro bo͡i̯n hala mat̪unɔ bʱala bapor bo͡i̯n pʰu kut̪t̪ar nan ru।
মা-র বইন হালা পাতত দেয় ভাত বাপর বইন ফু হইদে আরও হতক্ষণ থাক।,ma-ro bo͡i̯n hala pat̪t̪o d̪eʲ bʱat̪ bapor bo͡i̯n pʰu ho͡i̯d̪e arɔ͡o̯ ht̪okkʰon t̪ʰak।
মাছঅর মা-র আবার পুতঅর শোক।,macʰɔr ma-ro abar put̪ɔro ʃok।
মুকত্ মিডা বুকত বিষ।,mukɔt̪ mida bukɔt̪o biʃ।
মা মৈইরলে বাপ তালৈ।,ma mo͡i̯i͡i̯le bap t̪alo͡i̯।
মানুষ চিনে আকলে গাছ চিনে বাকলে।,manuʃ cine akole gacʰ cine bakle।
"মেডিতুনঅ মেডি, পানিতুনঅ পানি।","medit̪unɔ medi, panit̪unɔ pani।"
মক্কা বৌৎ দূর।,mɔkka bo͡u̯t̪ d̪ur।
মাইরলেঅ ঝাডা তঅ ন-ছাড়ে ঘাড়া।,ma͡i̯rle͡o̯ ɟʱada t̪ɔ͡o̯ n-cʰaɽe gʱaɽa।
মরা আঁতি লাখ টেয়া।,mɔra ãt̪i lakʰ teʲa।
মরা পরানে বাঁচি থঅন।,mɔra pɔrane bãci æ͡o̯n।
মিডা কথায় পেড ন-ভরে।,mida kɔt̪ʰaʲ ped n-bʱɔre।
মুখঅ ঝাঁডা আতঅ ঝাঁডা।,mukʰɔ ɟʱãda at̪o͡ɔ̯ ɟʱãda।
মাইল্লা পিরা।,ma͡i̯lla pira।
মইষর ব্যাঁয়া শিং গুতা মাইরতার সমত ওজু।,mo͡i̯ʃɔr bæ̃ʲa ʃiŋ gut̪a ma͡i̯rot̪ar ʃɔmɔt̪ oɟu।
মও ভাইনা যিঅত হকক্ল কাম হিঅত।,mɔ͡o̯ bʱa͡i̯na ɟi͡ɔ̯t̪o hɔkɔklo kam hi͡ɔ̯t̪o।
মা চাইতে ঝি চ'অ বাপ চাইতে পুত চ'অ।, ma ca͡i̯t̪e ɟʱi c'ɔ bap ca͡i̯t̪e put̪ 'ɔ।
মাইনষর আদর আইয়নে যঅনে গরু ছলর আদর লেঅনে ফোছনে।,ma͡i̯nʃɔr ad̪or a͡i̯ʲɔne ɟɔ͡o̯ne goru cʰɔlor ad̪or le͡ɔ̯ne pʰocʰone।
মরি ভূত অন।,mori bʱut̪ ɔn।
মরারে মারন।,mɔrare maron।
মোশা মাইত্তে কামান দাগন।,moʃa ma͡i̯t̪t̪e kaman d̪agon।
মতলবর ফইর হঅন।,mɔt̪olbɔr pʰo͡i̯r hɔ͡o̯n।
মাইলে পির বরাবর ন মাইনলে বাল বরাবর।,ma͡i̯le pir bɔrabor n ma͡i̯nle bal bɔrabor।
মুক মারি আইয়ন।,muk mari a͡i̯ʲon।
মাগিলে ঘোড়াত গরি মাইগ্‌গম। হরাত লইলে দোতালাতুন লইয়ম।,magile gʱoɽat̪ gori ma͡i̯ggom। hɔrat̪ lo͡i̯le d̪ot̪alat̪un lo͡i̯ʲom।
মাগিলে ঘোড়াত গরি মাইগ্‌গম। অরাত লইলে দোতালাতুন লইয়ম।,magile gʱoɽat̪ gori ma͡i̯ggom। ɔrat̪ lo͡i̯le d̪ot̪alat̪un lo͡i̯ʲom।
মতে মতে মর্কেলা হওন।,mɔt̪e mɔt̪e mɔrkela hon।
মনে মনে মনকেলা হওন।,mone mone monkela hon।
"মানুষ পুয়ায় আঁডনে, ধান পুয়ায় ঘাডনে।","manuʃ puʲaʲ ãdone, d̪ʱan puʲaʲ gʱadone।"
"মানুষ হুয়ায় আঁডনে, ধান হুয়ায় ঘাডনে।","manuʃ huʲaʲ ãdone, d̪ʱan huʲaʲ gʱadone।"
মুইত্তে ছ'অল ন-ধৈল্লে দুউরাই ধরিত পারন ন-যায়।, mu͡i̯t̪t̪e cʰɔ'ɔl -d̪ʱo͡i̯lle d̪u͡u̯ra͡i̯ d̪ʱorit̪o paron n-ɟaʲ।
মইষরে নাফা ভূঁইয়রে গিল,mo͡i̯ʃɔre napʰa bʱũiʲre gil
মক্কার মানুষ হজ ন-ফায়।,mɔkkar manuʃ hɔɟ n-pʰaʲ।
"মানি-এ মান চিনে, কুত্তয় চিনে ফেন।","mani-e man cine, kut̪t̪oʲ cine pʰen।"
মরা গাছৎ ফুল ফুডন।,mɔra gacʰot̪ pʰul pʰuɽon।
"মানুষ পুয়ায় আঁডনে, ধান পুয়ায় ঘাডনে।","manuʃ puʲaʲ ãdone, d̪ʱan puʲaʲ gʱadone।"
"মানুষ হুয়ায় আঁডনে, ধান হুয়ায় ঘাডনে।","manuʃ huʲaʲ ãdone, d̪ʱan huʲaʲ gʱadone।"
মুইত্তে ছ'অল ন-ধৈল্লে দুউরাই ধরিত পারন ন-যায়।, mu͡i̯t̪t̪e cʰɔ'ɔl -d̪ʱo͡i̯lle d̪u͡u̯ra͡i̯ d̪ʱorit̪o paron n-ɟaʲ।
মইষরে নাফা ভূঁইয়রে গিল।,mo͡i̯ʃɔre napʰa bʱũiʲre gil।
মক্কার মানুষ হজ ন-ফায়।,mɔkkar manuʃ hɔɟ n-pʰaʲ।
"মানি-এ মান চিনে, কুত্তয় চিনে ফেন।","mani-e man cine, kut̪t̪oʲ cine pʰen।"
মরা গাছৎ ফুল ফুডন।,mɔra gacʰot̪ pʰul pʰuɽon।
মা গুনে পোয়া ভুঁই গুণে রোয়া।,ma gune poʷa bʱũi gune roʷa।
মেইয়োফোয়া কুড়ি হইলে বুড়ি।,me͡i̯ʲopʰoʷa kuɽi ho͡i̯le buɽi।
মরিচ বাইট্টে ফুরের আত কেনে হাইবু নেকর ভাত।,moric ba͡i̯tte pʰurer at̪o kene ha͡i̯bu nekɔr bʱat̪।
ধরইন্নের যে ভাগ ভুল ধরইন্নেরঅ একই ভাগ,d̪ʱɔrinner ɟe bʱag bʱul d̪ʱɔrinnero æko͡i̯ bʱag
"যার বাফরে কুমিরে হাইয়ে, ইতে ঢেই দেইলে ডরাই।","ɟar bapʰɔre kumire ha͡i̯ʲe, it̪e dʱe͡i̯ d̪e͡i̯le dɔra͡i̯।"
"যার বাফরে কুইরে হাইয়ে, ইতে ঢেই দেইলে ডরাই।","ɟar bapʰɔre ku͡i̯re ha͡i̯ʲe, it̪e dʱe͡i̯ d̪e͡i̯le dɔra͡i̯।"
যে কুঁরি বদা ফারে এ-কুঁরির ফুন্দে জানে।, ɟe kũri bɔd̪a pʰare -kũrir pʰund̪e ɟane।
যেদ্দুর উড়নি এদ্দুর লামনি।,ɟed̪d̪ur uɽoni ed̪d̪ur lamni।
"যাদ্দে দিন ভালা, আইয়েদ্দে দিন খারাপ।","ɟad̪d̪e d̪in bʱala, a͡i̯ʲed̪d̪e d̪in kʰarap।"
"যার ঘরৎ টিয়া, তার হথা বেয়া।","ɟar gʱɔrt̪ tiʲa, t̪ar hɔt̪ʰa beʲa।"
যাত্তে আছে ভাইগ্যার শশী তে হায় পরঅর ধন বসি।,ɟat̪t̪e acʰe bʱa͡i̯ggar ʃoʃi t̪e haʲ pɔrɔr d̪ʱɔn boʃi।
যার বিয়ে তার মনৎ নাই আরাইললা পারাইললার ঘুম নাই।,ɟar biʲe t̪ar monot̪ na͡i̯ ara͡i̯lɔla para͡i̯lɔlar gʱum na͡i̯।
যেতে দেনঅ নাইত্বার খুর হেতে তোয়ার আল্লার নূর।,ɟet̪e d̪enɔ na͡i̯t̪t̪ar kʰur het̪e t̪oʷar allar nur।
যেই মুড়াৎ যায় এই মুড়া ওঁচল।,ɟe͡i̯ muɽat̪ ɟaʲ e͡i̯ muɽa õcol।
যিয়ৎ বাঘর ভয় ইয়ৎ রাইৎ অয়।,ɟiʲot̪ bagʱɔr bʱɔʲ iʲt̪ ra͡i̯ʃ ɔʲ।
"যার মনৎ কালি, তার হোয়ালৎ ছালি।","ɟar monot̪ kali, t̪ar hoʷalɔt̪ cʰali।"
"যার মনৎ হালি, তার হোয়ালৎ ছালি।","ɟar monot̪ hali, t̪ar hoʷalɔt̪ cʰali।"
যার ফুন তে মারন।,ɟar pʰun t̪e maron।
যেএডে ন-ভিজে কুত্তার হোল এডে দেরদে হামজার পোল।, ɟe͡e̯de -bʱiɟe kut̪t̪ar hol ede d̪erd̪e hamɟar pol।
যেই নালে উৎপত্তি সেই নালে বিনাশ।,ɟe͡i̯ nale ut̪pɔt̪t̪i ʃe͡i̯ nale binaʃ।
যে ন-বুঝে মনে মনে তারে বুঝাইত ফারে হনে।,ɟe n-buɟʱe mone mone t̪are buɟʱa͡i̯t̪o pʰare hone।
যারে রচে হতে মরিচর পানি দিই ফোঁচে।,ɟare rɔce hot̪e moricɔr pani d̪i͡i̯ pʰõce।
যারে রচে হতে মরিচর পানি দিই হোঁসে।,ɟare rɔce hot̪e moricɔr pani d̪i͡i̯ hõʃe।
"যাতুন আছে দম, তারে ন-ঠাইরগ হম।"," ɟat̪un acʰe d̪ɔm, t̪are -tʰa͡i̯rɔg hɔm।"
যাত্তে নাই মাথা তার আবার কিউর বেথা।,ɟat̪t̪e na͡i̯ mat̪ʰa t̪ar abar ki͡u̯r bet̪ʰa।
যার নাম মহাশয় তার ফোন্দে কুরিল মাইরলেঅ সয়।,ɟar nam mɔhaʃɔʲ t̪ar pʰond̪e kuril ma͡i̯rle͡o̯ ʃɔʲ।
যারে দেইত ন ফারে তার চলন বেঁয়া।,ɟare d̪e͡i̯t̪o n pʰare t̪ar cɔlon bẽʲa।
যারে দেইত ন ফারে তার চলন বেহা।,ɟare d̪e͡i̯t̪o n pʰare t̪ar cɔlon beha।
যদি হয় সুজন এক ঘরঅত নজন যদি হয় কুজন ন ঘরঅত নজন।,ɟod̪i hɔʲ ʃuɟɔn æk gʱɔrɔt̪o nɔɟon ɟod̪i hɔʲ kuɟon n gʱɔrɔt̪o nɔɟon।
যার বঅরে কুঁইরে খাইয়ে ইতে ঢেই দেইলে ডরায়।,ɟar bo͡o̯re kũire kʰa͡i̯ʲe it̪e dʱe͡i̯ d̪e͡i̯le dɔraʲ।
ঘরপোড়া গরু সিঁদুরয্যা মেঘ দেইলেঅ ভরায়।,gʱɔrpoɽa goru ʃĩd̪urɟɟa megʱ d̪e͡i̯le͡o̯ bʱɔraʲ।
যেই পাথত খায় এই পাথত আগে।,ɟe͡i̯ pat̪ʰt̪ kʰaʲ e͡i̯ pat̪ʰt̪ age।
যেই পাথত খায় এই পাথত হাগে।,ɟe͡i̯ pat̪ʰt̪ kʰaʲ e͡i̯ pat̪ʰt̪ hage।
"যম, জামাই, ভাইনা এ-তিনজন আফন নো অয়।","ɟɔm, ɟama͡i̯, bʱa͡i̯na e-t̪inɟɔn apʰon no ɔʲ।"
যেই দেশত পইর নাই এই দেশঅত কুয়াঅ সাগর যেই দেশঅত রসিক নাই সেই দেশঅত টাউট্যাও নাগর।,ɟe͡i̯ d̪eʃt̪ɔ pir na͡i̯ e͡i̯ d̪eʃɔt̪ kuʲa͡ɔ̯ ʃagor ɟe͡i̯ d̪eʃɔt̪ roʃik na͡i̯ ʃe͡i̯ d̪eʃɔt̪ ta͡u̯tæ͡o̯ nagor।
যদি থাকে নছিবে হোন্দের তলঅদি আসিবে।,ɟod̪i t̪ʰake nocʰibe hond̪er t̪ɔlod̪i aʃibe।
যদি থাকে নছিবে ফোন্দের তলঅদি আসিবে।,ɟod̪i t̪ʰake nocʰibe pʰond̪er t̪ɔlod̪i aʃibe।
"যেই দেশঅত যেই ভ, উইথ গরি ন বঙ্গ।","ɟe͡i̯ d̪eʃɔt̪ ɟe͡i̯ bʱɔ, u͡i̯t̪ʰ gori n bɔŋgo।"
যেই দেশৎ যেই ভাও ন মাথাত দি জুঁইর বঅ।,ɟe͡i̯ d̪eʃɔt̪ ɟe͡i̯ bʱa͡o̯ n mat̪ʰat̪ d̪i ɟũir bɔʃ।
যার ঘর চুরি গৈল্লাম তেঅ হয় চোর যাল্লাই চুরি গৈল্লাম তেওঅ কয় চোর।,ɟar gʱɔr curi go͡i̯llam t̪e͡o̯ hɔʲ cor ɟalla͡i̯ curi go͡i̯llam t̪e͡o̯͡ɔ̯ kɔʲ cor।
যেই নারী পান খাই জিব্বার আগা চায় সেই নারীর সোয়ামির ছমাসের হায়াত ছ'দণ্ডে ফুরায়।, ɟe͡i̯ nari pan kʰa͡i̯ ɟibbar aga caʲ ʃe͡i̯ narir ʃoʷamir cʰɔmaʃer haʲat̪ 'd̪ɔnde pʰuraʲ।
যেই নারী গোসল গরি চুলের আগা চায় এই নারীর সোয়ামি বিদেশত্ মারা যায়।,ɟe͡i̯ nari gosol gori culer aga caʲ e͡i̯ narir ʃoʷami bid̪eʃɔt̪ mara ɟaʲ।
যেতের লাই নাই ইতের লাই মেজ্জাইন্যা ভাতঅ নাই।,ɟet̪er la͡i̯ na͡i̯ it̪er la͡i̯ meɟɟa͡i̯nna bʱat̪o na͡i̯।
"যে ন-পায়, ইতা মেজ্জানতঅ ন-পায়।","ɟe n-paʲ, it̪a meɟɟant̪o͡o̯ n-paʲ।"
"যিতেরে নো-অয় বোলে, হেতেরে নো অয় ঢোলে।","ɟit̪ere no-ɔʲ bole, het̪ere no ɔʲ dʱole।"
"যিতেরে নো-অয় বোলে, ইতেরে নো অয় ঢোলে।","ɟit̪ere no-ɔʲ bole, it̪ere no ɔʲ dʱole।"
যে গরে পরর আশ ইতে খায় বনর ঘাস।,ɟe gore pɔror aʃ it̪e kʰaʲ bɔnor gʱaʃ।
যদি পরে হঅইর ত ন-ছাড়ে শঅর।,ɟod̪i pɔre hɔ͡o̯͡i̯r t̪o n-cʰaɽe ʃɔ͡ɔ̯r।
"যেএন গাল, এএন চোয়ার।","ɟe͡æ̯n gal, æ͡æ̯n coʲar।"
যিয়ত রাইত ইয়ত হাইত।,ɟiʲt̪ ra͡i̯t̪o iʲt̪ ha͡i̯t̪o।
যিয়ত রাইত ইয়ত কাইত।,ɟiʲt̪ ra͡i̯t̪o iʲt̪ ka͡i̯t̪o।
যে দেয় বাঁডি ইতার ভাগৎ মেডি।,ɟe d̪eʲ bãdi it̪ar bʱagot̪ medi।
"যদি পরে খোদার হঅর, ত ন-ছাড়ে শ'র।"," ɟod̪i pɔre kʰod̪ar hɔ͡ɔ̯r, t̪o n-cʰaɽe 'ro।"
যুদা ভাত উদঅ ভালা।,ɟud̪a bʱat̪ ud̪o͡ɔ̯ bʱala।
যুদা ভাত হুদাঅ ভালা।,ɟud̪a bʱat̪ hud̪a͡ɔ̯ bʱala।
যার মঅত যেডে ঘাঁডপান দি যায় এডে।,ɟar mɔ͡o̯͡u̯t̪o ɟede gʱãdpan d̪i ɟaʲ ede।
"যে হয় তার লাজ নাই, যে হুনে তার লাজ।","ɟe hɔʲ t̪ar laɟ na͡i̯, ɟe hune t̪ar laɟ।"
"যে হয় তার লাজ নাই, যে ফুনে তার লাজ।","ɟe hɔʲ t̪ar laɟ na͡i̯, ɟe pʰune t̪ar laɟ।"
যাচিলে জামাইয়ে হাউল ন-খায় শেষে জামাইয়ে ভোতাঅ তোয়ায়।,ɟacile ɟama͡i̯ʲe ha͡u̯l n-kʰaʲ ʃeʃe ɟama͡i̯ʲe bʱot̪a͡o̯ t̪oʷaʲ।
"যার ফোঁন তেই মারক, আঁর কী?","ɟar pʰõn t̪e͡i̯ marok, ãr ki?"
রাগ গইল্লে ভাগ আরায়।,rag gɔ͡i̯lle bʱag araʲ।
রাতা নাইদে দেশত কুরিয়েও বাগ দেয়।,rat̪a na͡i̯d̪e d̪eʃt̪ɔ kuriʲe͡o̯ bag d̪eʲ।
রাজারো আলসিয়া।,raɟaro alʃiʲa।
"রান দেহাই ছমাস, ফুন দেহাই বারো মাস।","ran d̪eha͡i̯ cʰɔmaʃ, pʰun d̪eha͡i̯ baro maʃ।"
রান দেহাই দেহাই ছমাস ভারঅন।,ran d̪eha͡i̯ d̪eha͡i̯ cʰɔmaʃ bʱarɔn।
রাডঅর ভাত পেডে থায় গুণর কথা মনত থায়।,radɔr bʱat̪ pede t̪ʰaʲ gunɔr kɔt̪ʰa monot̪o t̪ʰaʲ।
রূপ চাইয়েরে হাঁইদা ফল দেইখতে বড় লাল বক্কর গরি হঅর খাইলে বেএডাই উডে গাল।,rup ca͡i̯ʲere hãid̪a pʰɔl d̪e͡i̯kʰot̪e bɔɽo lal bokkor gori hɔ͡ɔ̯r kʰa͡i̯le be͡e̯da͡i̯ ude gal।
"রুইলে ঘাইট, ন-রুইলে আশি।","ru͡i̯le gʱa͡i̯t, n-ru͡i̯le aʃi।"
"রুইলে আইট, ন-রুইলে আশি।","ru͡i̯le a͡i̯t, n-ru͡i̯le aʃi।"
"রোয়াই রোঁয়াই ভাতের মোচা; ভাত ন-পাইলে উইত্তল কোঁচা উইততলের ছাতা-মাতা, রোয়াইর মাথা।","roʷa͡i̯ rõʲa͡i̯ bʱat̪er moca; bʱat̪ n-pa͡i̯le u͡i̯t̪t̪ol kõca u͡i̯t̪ɔt̪ɔler cʰat̪a-mat̪a, roʷa͡i̯r mat̪ʰa।"
"রতনে রতন চিনে, শুয়রে চিনে কচু।","rɔt̪one rɔt̪on cine, ʃuʲre cine kocu।"
রাইত অইলে সাত হাল জোরে রাইত ফোয়াইলে এক হালঅ ন-জোরে।,ra͡i̯t̪o æ͡i̯le ʃat̪ hal ɟore ra͡i̯t̪o pʰoʷa͡i̯le æk halo n-ɟore।
রাইত অইলে আত হাল জোরে রাইত ফোয়াইলে এক হালঅ ন-জোরে।,ra͡i̯t̪o æ͡i̯le at̪o hal ɟore ra͡i̯t̪o pʰoʷa͡i̯le æk halo n-ɟore।
রতর হামাই পথৎ যার।,rɔt̪or hama͡i̯ pɔt̪ʰot̪ ɟar।
লুরির কাছে পুআ ভিক্ষা চার।,lurir kacʰe pu͡a̯ bʱikkʰa car।
লাথির হাউল লাথি ন-হাইলে ন-পাগে।, lat̪ʰir ha͡u̯l lat̪ʰi n-ha͡i̯le -page।
"লাভে লোআ বয়, অলাভে ফোলাঅ ন-বয়।","labʱe lo͡a̯ bɔʲ, ɔlabʱe pʰola͡ɔ̯ n-bɔʲ।"
"লাভে লোআ বয়, অলাভে তুলঅ ন-বয়।","labʱe lo͡a̯ bɔʲ, ɔlabʱe t̪ulɔ n-bɔʲ।"
লালকুত্তা ইয়ালর ভাই।,lalkut̪t̪a iʲalɔr bʱa͡i̯।
লালকুত্তা শিয়ালর ভাই।,lalkut̪t̪a ʃiʲalɔr bʱa͡i̯।
লুতা কুঁইরে ও বেশি হায়।,lut̪a kũire o beʃi haʲ।
লাশ মারি খুনত দাহিল অন।,laʃ mari kʰunɔt̪o d̪ahil ɔn।
লেডার মৌগ বেয়াগর ভাবী।,ledar mo͡u̯go beʲagor bʱabi।
লারি বেডির বিয়ার সখ উনাই পরের রসঅর ঠঅক।,lari bedir biʲar ʃɔkʰ una͡i̯ pɔrer rɔʃo͡ɔ̯r tʰɔk।
লাডঅর ফোয়াহালাইয়া।,ladɔr pʰoʷahala͡i̯ʲa।
লোয়া গরম থাইকতে ফিডা ফরে।,loʷa gɔrom t̪ʰa͡i̯kɔt̪e pʰida pʰɔre।
লাংচোরা বিবি বাঁদির করবৈত্যা।,laŋcora bibi bãd̪ir korbo͡i̯t̪t̪a।
"লাজঅর বিবি হা ন-গরে, চাইলদা পাআন গরাস ধরে।","laɟɔr bibi ha n-gore, ca͡i̯ld̪a pa͡a̯n gɔraʃ d̪ʱore।"
"লারিচারি বারঅ, ঘরৎ ব'ই তেরঅ।","laricari baro, gʱɔrt̪ bo'i t̪erɔ।"
লেয়াপড়া তিন পাতিলা কলম চাঁইচ্ছে ঢেঁইর কিলা।,leʲapɔɽa t̪in pat̪ila kɔlom cãiccʰe dʱẽir kila।
লেবুরে বেশি চিবিলে তিতা নেঅলে।,lebure beʃi cibile t̪it̪a ne͡o̯le।
লাগি থাইলে মাগি ন-খায়।,lagi t̪ʰa͡i̯le magi n-kʰaʲ।
লাগি থাইলে মাগি ন-হায়।,lagi t̪ʰa͡i̯le magi n-haʲ।
লাল দেএই ফাল ন-দিও।,lal d̪e͡e̯͡i̯ pʰal n-d̪i͡o̯।
লইট্টে ফোঁচা অইগেইয়ি।,lo͡i̯tte pʰõca ɔ͡i̯ge͡i̯ʲi।
লরি চরি অদঅত ইল্লাল্লাহ মদঅত,lori cori ɔd̪ɔt̪o illallah mɔd̪ɔt̪o
শরমতুন মরণ ভালা।,ʃɔrmt̪un mɔron bʱala।
শতানর ফোঁদত দাআরা দঅন।,ʃɔt̪anor pʰõd̪ɔt̪o d̪a͡a̯ra d̪ɔ͡o̯n।
শঅন মাইসসা ঝড়ে বাআর হাউঅ লড়ে।,ʃɔ͡o̯n ma͡i̯sʃa ɟʱɔɽe ba͡a̯r ha͡u̯͡ɔ̯ lɔɽe।
শতানর আডালি।,ʃɔt̪anor adali।
"শরীলন্নাম মহাশয়, যাই দেয় তা-ই সয়।","ʃɔrilɔnnam mɔhaʃɔʲ, ɟa͡i̯ d̪eʲ t̪a-i ʃɔʲ।"
শিং ভাঁই হারুল অঅন।,ʃiŋ bʱãi harul ɔ͡ɔ̯n।
ষোলো আনা বাজাই লঅন।,ʃolo ana baɟa͡i̯ lɔ͡o̯n।
"আত পাঁচ চৌইদ্দ, দুই টিয়া নইদ্দো।","at̪o pãc co͡u̯id̪d̪o, d̪u͡i̯ tiʲa no͡i̯d̪d̪o।"
"সাত পাঁচ চৌইদ্দ, দুই টিয়া নইদ্দো।","ʃat̪ pãc co͡u̯id̪d̪o, d̪u͡i̯ tiʲa no͡i̯d̪d̪o।"
সিন্নি হন ফলর হাম ন।,ʃinni hɔn pʰɔlor ham n।
"আদিলে বউয়ে ভাত ন-হায়, অইদ্দবানে চইল চাবায়।","ad̪ile bo͡u̯ʲe bʱat̪ n-haʲ, ɔ͡i̯d̪d̪obane co͡i̯l cabaʲ।"
"সাধিলে বউয়ে ভাত ন-হায়, অইদ্দবানে চইল চাবায়।","ʃad̪ʱile bo͡u̯ʲe bʱat̪ n-haʲ, ɔ͡i̯d̪d̪obane co͡i̯l cabaʲ।"
সুন্দর বউয়ে রাননা গইরলে আনুনিঅ গম লাগে।,ʃund̪ɔr bo͡u̯ʲe ranna girle anuni͡o̯ gɔm lage।
সোআগ বাআই বাআই ফরের।,ʃo͡a̯g ba͡a̯i ba͡a̯i pʰɔrer।
সোহাগ বাআই বাআই ফরের।,ʃohag ba͡a̯i ba͡a̯i pʰɔrer।
"সাবরেইষ্টারঅ হাকিম ন, তেইল্যা চোরাজ পাখি ন।","ʃabre͡i̯ʃtaro hakim n, t̪e͡i̯lla coraɟ pakʰi n।"
"সূর্যতুন বালু গরম।

সুন্দর বউয়ে রাঁধে হদু হদুর বাখানি গামছা ফিদি লামি চ হঅর বাঁচেনি।","ʃurɟot̪un balu gɔrom।

ʃund̪ɔr bo͡u̯ʲe rãd̪ʱe hod̪u hod̪ur bakʰani gamcʰa pʰid̪i lami c hɔ͡ɔ̯r bãceni।"
সুন্দর বউয়ে রাঁধে কদু হদুর বাখানি গামছা ফিদি লামি চ কাপড় বাঁচেনি।,ʃund̪ɔr bo͡u̯ʲe rãd̪ʱe kod̪u hod̪ur bakʰani gamcʰa pʰid̪i lami c kapoɽ bãceni।
"স্ত্রী অইবু ঠ্যাংঅর বেড়ি ফোয়া অইবু হাল, ছাড়িলে ছাড়া ন-যায় এ-জঞ্জাল।"," st̪ri ɔ͡i̯bu tʰæŋɔr beɽi pʰoʷa ɔ͡i̯bu hal, cʰaɽile cʰaɽa n-ɟaʲ -ɟɔnɟal।"
"স্ত্রী অইবু ঠ্যাংঅর বেড়ি ফোয়া অইবু কাল, ছাড়িলে ছাড়া ন-যায় এ-জঞ্জাল।"," st̪ri ɔ͡i̯bu tʰæŋɔr beɽi pʰoʷa ɔ͡i̯bu kal, cʰaɽile cʰaɽa n-ɟaʲ -ɟɔnɟal।"
সভাব ন-যায় মইরলে কালি ন-যায় ধুইলে।,ʃɔbʱab n-ɟaʲ mo͡i̯rle kali n-ɟaʲ d̪ʱu͡i̯le।
সুদখোর আর মদখোর এক ফোয়ান।,ʃud̪ɔkʰor ar mɔd̪okʰor æk pʰoʲan।
সুদখোর আর মদখোর এক হোয়ান।,ʃud̪ɔkʰor ar mɔd̪okʰor æk hoʲan।
সাইজতে সাইজতে ধেইচ্ছঅ রাজা।,sa͡i̯ɟt̪e sa͡i̯ɟt̪e d̪ʱe͡i̯ccʰɔ raɟa।
সুজনর লয় আঁডিলে খায় বাট্টার পান কুজনর লয় আঁডিলে হাডা যায় হান।,ʃuɟɔnor lɔʲ ãdile kʰaʲ battar pan kuɟɔnɔr lɔʲ ãdile hada ɟaʲ han।
সুজনর লয় আঁডিলে খায় বাট্টার পান কুজনর লয় আঁডিলে হাডা যায় কান।,ʃuɟɔnor lɔʲ ãdile kʰaʲ battar pan kuɟɔnɔr lɔʲ ãdile hada ɟaʲ kan।
সেফ খাইলে তিরাস ন-মরে।,ʃepʰo kʰa͡i̯le t̪iraʃ n-more।
"সারেং, ফুউনি, দরগা এ-তিননানে চাঁটিগা।"," ʃareŋ, pʰu͡u̯ni, d̪ɔrga -t̪innane cãtiga।"
সের চিনে ফাবা ন-চিনে।,ʃer cine pʰaba n-cine।
সোম শুকুরে রোয় ধান বুধ বিশুদে ঘরত আন।,ʃom ʃukure roʲ d̪ʱan bud̪ʱ biʃud̪e gʱɔrt̪o an।
আত দেশ ঘুরি বেড়ায় হাম্বা দেইলে ডরায়।,at̪o d̪eʃ gʱuri beɽaʲ hamba d̪e͡i̯le dɔraʲ।
সাত দেশ ঘুরি বেড়ায় হাম্বা দেইলে ডরায়।,ʃat̪ d̪eʃ gʱuri beɽaʲ hamba d̪e͡i̯le dɔraʲ।
সামনঅদি মাছি উরিইতো ন-পারে ফিছদি আঁতি গেলেও খবর ন-থায়।,ʃamonod̪i macʰi uri͡i̯t̪o n-pare pʰicʰod̪i ãt̪i gele͡o̯ kʰɔbor n-t̪ʰaʲ।
আত পুত তেরো নাতি তে গরে কুইশ্যাল ক্ষেতি।,at̪o put̪ t̪ero nat̪i t̪e gore ku͡i̯ʃʃal kʰet̪i।
সাত পুত তেরো নাতি তে গরে কুইশ্যাল ক্ষেতি।,ʃat̪ put̪ t̪ero nat̪i t̪e gore ku͡i̯ʃʃal kʰet̪i।
সেয়ানাকে সেয়ানা কয় কেলা খাইবিনি সেয়াইন্না কয় কেলা ছুইল্যা আছেনি।,ʃeʲanake ʃeʲana kɔʲ kela kʰa͡i̯bini ʃeʲa͡i̯nna kɔʲ kela cʰu͡i̯lla acʰeni।
আরা রাইতর কিলে ন মৈরলাম পোয়াত্তের কিলেই মৈর্জ্জম না?,ara ra͡i̯t̪ɔr kile n mo͡i̯rlam poʲat̪t̪er kile͡i̯ mo͡i̯rɟɟɔm na?
সারা রাইতর কিলে ন মৈরলাম পোঁহাইত্তার কিলেই মৈর্গম না?,ʃara ra͡i̯t̪ɔr kile n mo͡i̯rlam põha͡i̯t̪t̪ar kile͡i̯ mo͡i̯rgom na?
আত দিন পোন মাইললেঅ এক ফোডা লউ বাইর ন হন।,at̪o d̪in pono ma͡i̯lle͡o̯ æk pʰoda lɔ͡u̯ ba͡i̯r n hɔn।
সাত দিন পোন মাইললেঅ এক ফোডা লউ বাইর ন হন।,ʃat̪ d̪in pono ma͡i̯lle͡o̯ æk pʰoda lɔ͡u̯ ba͡i̯r n hɔn।
আত ফুতঅর মা-র বনে বাসা এক ফুতঅর মা করে আশা।,at̪o pʰut̪ɔro ma-ro bɔne baʃa æk pʰut̪ɔro ma kore aʃa।
সাত ফুতঅর মা-র বনে বাসা এক ফুতঅর মা করে আশা।,ʃat̪ pʰut̪ɔro ma-ro bɔne baʃa æk pʰut̪ɔro ma kore aʃa।
হাওয়ো চিনে ঘাওয়ো হাট্টল।,ha͡o̯ʲo cine gʱa͡o̯ʷo hattol।
"হাওয়োই-এ হাউল হাইয়ে, বগার ফুন্দত আডা বাইজ্জে।","ha͡o̯ʲo͡i̯-e ha͡u̯l ha͡i̯ʲe, bɔgar pʰund̪ɔt̪o ada ba͡i̯ɟɟe।"
অঠাত উডি গদার বারি।,ɔtʰat̪ udi gɔd̪ar bari।
হঠাত উডি গদার বারি।,hɔtʰat̪ udi gɔd̪ar bari।
হান্দিলি ফু'য়া দুধ পায়।,hand̪ili pʰu'ʲa d̪ud̪ʱ paʲ।
"হাসর বদা কুরার ওম, ফরর ছা লই নাতুমতুম।","haʃor bɔd̪a kurar om, pʰɔror cʰa lɔ͡i̯ nat̪umɔt̪um।"
"হড়ে আদিনাথর ফা'র, হড়ে ছঅলে খের হার।"," hoɽe ad̪inat̪ʰor 'ro, hoɽe cʰɔ͡o̯le kʰer har।"
হাইল্লে ঠিল্লে বাজে বেশি।,ha͡i̯lle tʰille baɟe beʃi।
"হামর হথা হুইনলে বুইরগ্যা খেতা গাত দি হোতে বিয়ার হথা ফুনিলে বুইরগা, লাডি ভর দি ওডে।","hamor hɔt̪ʰa hu͡i̯nle bu͡i̯rɔgga kʰet̪a gat̪ d̪i hot̪e biʲar hɔt̪ʰa pʰunile bu͡i̯rga, ladi bʱɔr d̪i ode।"
"কামের হথা ফুইনলে বুইজ্জা খেতা গাত দি ফুঁতে বিয়ার হথা ফুনিলে বুইরগা, লাডি ভর দি ওডে।","kamer hɔt̪ʰa pʰu͡i̯nle bu͡i̯ɟɟa kʰet̪a gat̪ d̪i pʰũt̪e biʲar hɔt̪ʰa pʰunile bu͡i̯rga, ladi bʱɔr d̪i ode।"
হন্ডে ইয়াহিয়া খান হন্ডে কিলি পান।,honde iʲahiʲa kʰan honde kili pan।
হাম নাই গইত্তঅ বাল নাই আইত্তঅ।,ham na͡i̯ git̪t̪o͡ɔ̯ bal na͡i̯ a͡i̯t̪t̪o͡ɔ̯।
হারাপ মাইনষর মুখ আর গুরা ফোয়ার ফুন এক ফোয়ান।,harap ma͡i̯nʃɔr mukʰ ar gura pʰoʷar pʰun æk pʰoʲan।
হামরগায় হাম চলের ফাতেনি আলুগুলা চুলের।,hamo͡i̯gaʲ ham cɔler pʰat̪eni alugula culer।
হন্ডে আগরতলা হন্ডে ছইর তলা।,honde agorot̪ɔla honde cʰo͡i̯r t̪ɔla।
হামাইয়ে মাথাত খুর বুলান।,hama͡i̯ʲe mat̪ʰat̪ kʰur bulan।
হাম্মঅ মানুষ ভাতে ন-মরে।,hammɔ͡ɔ̯ manuʃ bʱat̪e n-more।
হডে চন্দ্রনাথের ফা'র হডে ছ'অলে খের খার।,hode cɔnd̪ronat̪ʰer pʰa'ro hode cʰɔ'ɔle kʰer kʰar।
হডে চন্দ্রনাথের ফা'র হডে ছ'অলে খের হার।,hode cɔnd̪ronat̪ʰer pʰa'ro hode cʰɔ'ɔle kʰer har।
হানত মেডা দিইয়ুস না?,hanɔt̪o meda d̪i͡i̯ʲuʃ na?
হাওয়োই ন বুঝে কেঁয়ারার দুক আইলত লই যাই চিরে বুক।,ha͡o̯ʲo͡i̯ n buɟʱe kẽʲarar d̪uk a͡i̯lɔt̪o lɔ͡i̯ ɟa͡i̯ cire buk।
হন্ডে ফজল কাদের হন্ডে ছ'অলে লাদের।,honde pʰɔɟol kad̪er honde cʰɔ'ɔle lad̪er।
হাওয়োর বাআত কুইলর ছা যার ছা তার রা।,ha͡o̯ʲor ba͡a̯t̪ ku͡i̯lɔr cʰa ɟar cʰa t̪ar ra।
হন্ডে আকাশর তারা হন্ডে পোঁদের ফোড়া।,honde akaʃɔr t̪ara honde põd̪er pʰoɽa।
হন্ডে আকাশর তারা হন্ডে জমিনুর নারা।,honde akaʃɔr t̪ara honde ɟominur nara।
হইলি বউয়ে কিছু ন খায় পিছনে বউয়ে চইল চাবায়।,ho͡i̯li bo͡u̯ʲe kicʰu n kʰaʲ picʰone bo͡u̯ʲe co͡i̯l cabaʲ।
অক্কল মাছে গু খায় ফাইস্যার নাম।,ɔkkol macʰe gu kʰaʲ pʰa͡i̯sʃar nam।
হগগল মাছে গু খায় ফাঁঙ্গাইস্যার নাম।,hɔggɔl macʰe gu kʰaʲ pʰãŋga͡i̯sʃar nam।
হাডা ঘাঅৎ নুনর ছিডা দেঅন।,hada gʱa͡ɔ̯t̪ nunɔr cʰida d̪æ͡o̯n।
আরাদিন গুজা বুইজ্যা খুকুর খুকুর কাশে বিয়ার কথা ফুনি বুইজ্যা ফুকুর ফুকুর হাসে।,arad̪in guɟa bu͡i̯ɟɟa kʰukur kʰukur kaʃe biʲar kɔt̪ʰa pʰuni bu͡i̯ɟɟa pʰukur pʰukur haʃe।
হারাদিন গুজা বুইজ্যা খুকুর খুকুর কাশে বিয়ার কথা ফুনি বুইজ্যা ফুকুর ফুকুর হাসে।,harad̪in guɟa bu͡i̯ɟɟa kʰukur kʰukur kaʃe biʲar kɔt̪ʰa pʰuni bu͡i̯ɟɟa pʰukur pʰukur haʃe।
হাজারী আইট্টা পানর বিড়া মাঝে মাঝে ফুঁচা জামাইর বইন ননদিনী তেইঅ মারে খুঁচা।,haɟari a͡i̯tta panɔr biɽa maɟʱe maɟʱe pʰũca ɟama͡i̯r bo͡i̯n nond̪ini t̪e͡i̯ɔ mare kʰũca।
"হাত ভাইয়র বইন, ন মামুর ভাইনি গায়ের গরমে বেডি ন-মানের সোয়ামি।","hat̪ bʱa͡i̯ʲor bo͡i̯n, n mamur bʱa͡i̯ni gaʲer gɔrme bedi n-maner ʃoʷami।"
"আত ভাইয়র বইন, ন মামুর ভাইনি গায়ের গরমে বেডি ন-মানের সোয়ামি।","at̪o bʱa͡i̯ʲor bo͡i̯n, n mamur bʱa͡i̯ni gaʲer gɔrme bedi n-maner ʃoʷami।"
হাইল্লার লগে বাইল্লার নাচে। অনুবাদ। শালিকের লগে বাবুই নাচে।,ha͡i̯llar lɔge ba͡i̯llar nace। onubad̪। ʃaliker lɔge babu͡i̯ nace।
হউস্যা বরই ন-খাইঅ হসে ধরিব বুড়া জামাই ন-লইঅ বিচা ঢুলিব।, hɔ͡u̯ʃʃa bɔro͡i̯ -kʰa͡i̯͡o̯ hoʃe d̪ʱorib buɽa ɟama͡i̯ n-lɔ͡i̯ɔ bica dʱulib।
হেঁডাম নাইয়া জাফইজ্জা খাল বাঁধে জোয়াইজ্জা।,hẽdam na͡i̯ʲa ɟapʰiɟɟa kʰalo bãd̪ʱe ɟoʷa͡i̯ɟɟa।
"হুজুররে লাথি, থইক্কারে ছালাম।","huɟurre lat̪ʰi, t̪ʰo͡i̯kkare cʰalam।"
"হালে মস্ত বলদ, দুধে মস্ত গাই মাইয়া মস্ত হৈ উডিলে ন মানে বাপ-ভাই।","hale mɔst̪o bɔld̪, d̪ud̪ʱe mɔst̪o ga͡i̯ ma͡i̯ʲa mɔst̪o ho͡i̯ udile n mane bap-bʱa͡i̯।"
হাঁআর অঁত্তত বিয়ার কাম।,hãar ɔ̃t̪t̪ot̪o biʲar kam।
আগানি আইলে বাঘঅরে ন-ডরায়।,agani a͡i̯le bagʱɔre n-dɔraʲ।
হাগানি আইলে বাঘঅরে ন-ডরায়।,hagani a͡i̯le bagʱɔre n-dɔraʲ।
হক চৈল হাঁরিত ন পারির মুল্লুক চৈল হাঁইরত্তাম যাইর।,hɔk co͡i̯l hãrit̪o n parir mulluk co͡i̯l hãirot̪t̪am ɟa͡i̯r।
অরিপে কাট্টল খায়।,ɔripe kattol kʰaʲ।
হরিপে কাট্টল খায়।,horipe kattol kʰaʲ।
হাভাইততার আরি আচার সেরে।,habʱa͡i̯t̪ɔt̪ar ari acar ʃere।
হাভাইততায় পাইয়ে ধন বায়-পুতে দিয়ে কীর্তন।,habʱa͡i̯t̪ɔt̪aʲ pa͡i̯ʲe d̪ʱɔn baʲ-put̪e d̪iʲe kirt̪on।
হাইল্যা ঘরর মেয়ালাঅ রাজা।,ha͡i̯lla gʱɔror meʲalab raɟa।
হোঁশঅর পঅল।,hõʃɔr pɔ͡ɔ̯lo।
হুরুরাই ডুরুরাই ন আইসঅ ঝড় আঁর পোয়াঅ সুসাঁথে পৌছঅক ঘর।,hurura͡i̯ durura͡i̯ n a͡i̯ʃɔ͡o̯ ɟʱɔɽ ãr poʷa͡ɔ̯ ʃuʃãt̪e po͡u̯cʰo͡ɔ̯k gʱɔr।
হাঁছি নিশি অদভুত ত্রাহিরাম যমর দূত।,hãcʰi niʃi ɔd̪obʱut̪ t̪rahiram ɟɔmor d̪ut̪।
হা গৈরতে হাঁওলা গেইয়ে গৈ।,ha go͡i̯rot̪e hãola ge͡i̯ʲe go͡i̯।
ঐল মাছও ফালায় বোয়াল মাছও ফালায় তার ফোয়ারে দাইকা মাছও ফালায়।,o͡i̯l macʰo pʰalaʲ boʷal macʰo pʰalaʲ t̪ar pʰoʷare d̪a͡i̯ka macʰo pʰalaʲ।
হৈল মাছও ফালায় বোয়াল মাছও ফালায় তার ফোয়ারে দাইকা মাছও ফালায়।,ho͡i̯l macʰo pʰalaʲ boʷal macʰo pʰalaʲ t̪ar pʰoʷare d̪a͡i̯ka macʰo pʰalaʲ।
অকুমুর দোয়ায় গরু ন মরে।,ɔkumur d̪oʷaʲ goru n more।
হুকুমুর দোয়ায় গরু ন মরে।,hukumur d̪oʷaʲ goru n more।
হইজ্জা তুয়াদ্দে।,ho͡i̯ɟɟa t̪uʲad̪d̪e।
"হরো হাই ভরো ফানি, ফুন্দে হদ্দে আই ন জানি।","horo ha͡i̯ bʱɔro pʰani, pʰund̪e hod̪d̪e a͡i̯ n ɟani।"
পুঁইছে হঅর চালুনিরে- তোর ফোঁন্দতকা ছ্যাদা।,pũicʰe hɔ͡ɔ̯r calunire- t̪or pʰõnd̪ot̪ka cʰæd̪a।
হুইছে হঅর চালুনিরে- তোর ফোঁন্দতকা ছ্যাদা।,hu͡i̯cʰe hɔ͡ɔ̯r calunire- t̪or pʰõnd̪ot̪ka cʰæd̪a।
ওশ ঠিক মাথা খঅরাপ।,oʃ tʰik mat̪ʰa kʰɔ͡ɔ̯rap।
হোঁশ ঠিক মাথা খঅরাপ।,hõʃ tʰik mat̪ʰa kʰɔ͡ɔ̯rap।
