words,ipa
অনর,ɔnɔr
নিজর,niɟɔr
বুঝ,buɟʱ
ফঅলেও,pʰɔ͡o̯le͡o̯
বুঝে,buɟʱe
অইনত্তোবারে,ɔ͡i̯not̪t̪obare
আইললে,a͡i̯lle
গরম,gɔrom
অক্কল,ɔkkol
তেলইনর,t̪elinɔr
বঅরফাতা,bɔ͡o̯ropʰat̪a
অইলে,æ͡i̯le
ন,n
বছরে,bɔcʰore
অয়,ɔʲ
নঅইলে,nɔ͡o̯͡i̯le
নব্বই,nɔbbo͡i̯
বছরেও,bɔcʰore͡o̯
নঅয়,nɔ͡ɔ̯ʲ
অউরু,ɔ͡u̯ru
বাড়ি,baɽi
মধুর,mod̪ʱur
হাঁড়ি,hãɽi
তিন,t̪in
দিনঅর,d̪inɔr
উঅদ্দি,u͡ɔ̯d̪d̪i
থাইলে,t̪ʰa͡i̯le
ঝাঁড়ার,ɟʱãɽar
বারি,bari
অইয়্যা,ɔ͡i̯ʲla
ধানর,d̪ʱanɔr
ফাতা,pʰat̪a
হালা,hala
ফোয়ার,pʰoʷar
হতা,hɔt̪a
ভালা,bʱala
অউনরে,ɔ͡u̯nore
অউন,ɔ͡u̯n
হঅয়,ho͡ɔ̯ʲ
জুনিরে,ɟunire
কয়,kɔʲ
অতি,ot̪i
সুন্দরীর,ʃund̪orir
নেক,nek
নাই,na͡i̯
নেকাইনর,neka͡i̯nɔr
ভাত,bʱat̪
চালাকরভাত,calakorbʱat̪
চতুরর,cot̪uror
অইন,ɔ͡i̯n
হাইলে,ha͡i̯le
আরা,ara
আগা,aga
ফরে,pʰɔre
অককৈ,ɔkko͡i̯
টুয়ার,tuʲar
বাঁশ,bãʃ
এক্কই,ækko͡i̯
একই,æko͡i̯
চুঁয়ার,cũʲar
অহথা,ɔhot̪ʰa
কথা,kɔt̪ʰa
অইবু,ɔ͡i̯bu
মাইনসে,ma͡i̯nʃe
হইলে,ho͡i̯le
অদারু,ɔd̪aru
দারু,d̪aru
ফাডাত,pʰadat̪
ফিষিলে,pʰiʃile
হথা,hɔt̪ʰa
চালাকর,calakor
গলাত,gɔlat̪
দরি,d̪ori
ভক্তি,bʱokt̪i
যার,ɟar
চোরর,coror
লক্কন,lokkon
তার,t̪ar
অদের,ɔd̪er
হাম,ham
গরি,gori
বে,be
লই,lɔ͡i̯
টানাটানি,tanatani
অক্কর,ɔkkor
দান,d̪an
ফক্কত,pʰokkot̪o
যায়,ɟaʲ
অ,ɔ
ভ,bʱɔ
বুজস,buɟɔʃ
অইদে,ɔ͡i̯d̪e
ইতে,it̪e
ত,t̪o
দে,d̪e
নকাইয়ত,nɔka͡i̯ʲot̪
নো,no
অভাগা,ɔbʱaga
যিকে,ɟike
চায়,caʲ
সায়গর,saʲgɔr
ফুওয়াই,pʰu͡o̯ʷa͡i̯
অযাগাততে,ɔɟagat̪t̪e
তুলসী,t̪ulʃi
অজাতত্তে,ɔɟat̪ɔt̪t̪e
রূপসী,rupoʃi
অসতল্যয়,ɔʃot̪ɔllɔʲ
অসৈত্যামি,ɔʃo͡i̯t̪t̪ami
সতল্লয়,ʃɔt̪ollɔʲ
সৎ,ʃɔt̪
চোরল্লয়,corollɔʲ
চোরামি,corami
গর,gɔr
শঠল্লয়,ʃɔtʰllɔʲ
শঠ,ʃɔtʰ
ভাই,bʱa͡i̯
থমথম,t̪ʰɔmɔt̪ʰom
উলুবনৎ,ulubɔnoʃ
আছে,acʰe
যেই,ɟe͡i̯
কি,ki
হম,hɔm
অরির,ɔrir
চিন্তা,cint̪a
জামাইর,ɟama͡i̯r
ফেট,pʰet
অকুলীন,ɔkulin
কুলীন,kulin
হীন,hin
ধরিব,d̪ʱorib
জীন,ɟin
অস্তা,ɔst̪a
কেলা,kela
হষ,hɔʃ
মঅংগা,mo͡ɔ̯ŋga
রস,rɔʃ
অমাইনসে,ɔma͡i̯nʃe
মাইনসর,ma͡i̯nʃɔr
গতি,got̪i
উদ্দুরে,ud̪d̪ure
কোরান,koran
না,na
পুঁথি,pũt̪ʰi
তিতা,t̪it̪a
খা,kʰa
মুঅর,mu͡ɔ̯r
খান,kʰan
অভাইগ্যা,ɔbʱa͡i̯gka
চোরা,cora
বারিৎ,barit̪
কুইরে,ku͡i̯re
ডায়,daʲ
নয়,nɔʲ
রাইৎ,ra͡i̯ʃ
ফোয়ায়,pʰoʷaʲ
কুত্তয়,kut̪t̪oʲ
অরিয়ে,ɔriʲe
দুর্নাম,d̪urnam
গরইলে,gɔrile
জগতে,ɟɔgot̪e
হনে,hone
মায়ে,maʲe
চুলার,cular
দুয়ারর,d̪uʲarɔr
বিলাইয়ে,bila͡i̯ʲe
ফুনে,pʰune
কুনে,kune
অয়াতর,ɔʲat̪ɔr
বাদ্দি,bad̪d̪i
খাইত,kʰa͡i̯t̪o
ফারিবা,pʰariba
রিজিকর,riɟikɔr
অনর,ɔnɔr
মান,man
অনে,ɔne
রাখে,rakʰe
হাড়া,haɽa
কান,kan
চুল,cul
দি,d̪i
ঢাকে,dʱake
অসতী-এ,ɔʃot̪i-e
সতী,ʃot̪i
নিন্দে,nind̪e
জুনি,ɟuni
পোগে,poge
মানিক,manik
অস্তায়,ɔst̪aʲ
বউ,bɔ͡u̯
আনিলে,anile
পাড়ায়,paɽaʲ
বেড়ায়,beɽaʲ
গরু,goru
কিনিলে,kinile
পথে,pɔt̪ʰe
ছেড়ায়,cʰeɽaʲ
অক,ɔk
হতাত,hɔt̪at̪
ঠগবেজার,tʰgobeɟar
ভাতত,bʱat̪t̪o
বিলাই,bila͡i̯
বেজার,beɟar
ভাঙ্গা,bʱaŋga
ঠেঙ্গত,tʰeŋgɔt̪o
মতইন্না,mɔt̪inna
অভাইগ্যারে,ɔbʱa͡i̯ggare
পাইয়ে,pa͡i̯ʲe
ভূতে,bʱut̪e
ঘর,gʱɔr
এরি,eri
বাআরে,ba͡a̯re
ফুতে,pʰut̪e
হুতে,hut̪e
অজাইত্যা,ɔɟa͡i̯t̪t̪a
হাট্টল,hattol
সুজাত,ʃuɟat̪
ফাঁগিলে,pʰãgile
হাউল,ha͡u̯l
মিডা,mida
অস্তার,ɔst̪ar
অবস্তা,ɔbost̪a
অরি,ori
বৌ-এ,bo͡u̯-e
মোচার,mocar
ধানেঅ,d̪ʱane͡o̯
মাইজ্জে,ma͡i̯ɟɟe
গুঁতা,gũt̪a
বৌ,bo͡u̯
বেডিএ,bedi͡e̯
ছুতা,cʰut̪a
গেইয়ে,ge͡i̯ʲe
পাড়া,paɽa
বেড়াইত,beɽa͡i̯t̪o
পাড়াত,paɽat̪
বই,bo͡i̯
থক,t̪ʰɔk
ননন,nɔnon
চরাইত,cɔra͡i̯t̪o
বাঘে,bagʱe
ধরি,d̪ʱori
হক,hɔk
অঅডা,ɔ͡ɔ̯da
জননার,ɟɔnonar
পদ,pɔd̪
জেঅর,ɟe͡ɔ̯r
গুইট্টা,gu͡i̯tta
মরিচর,moricɔr
দর,d̪ɔr
ছালনর,cʰalonɔr
বঅর,bɔ͡o̯r
পাতা,pat̪a
অউরুত,ɔ͡u̯rut̪
আইলাম,a͡i̯lam
কেঁইলৎ,kẽilɔt̪
ঘরা,gʱɔra
বঅরৎ,bɔ͡o̯rɔt̪
গেইলাম,ge͡i̯lam
টেইৎ,te͡i̯t̪
বারা,bara
অরান,ɔran
পেরেশান,pereʃan
মার,mar
কাছে,kacʰe
যাবি,ɟabi
সুখ,ʃukʰ
শান্তি,ʃant̪i
বেঅশতত,be͡ɔ̯ʃɔt̪ɔt̪
এন্ডে,ænde
গেইলে,ge͡i̯le
পাবি,pabi
অভীনে,obʱine
খাইলে,kʰa͡i̯le
আইও,a͡i̯o
খাম,kʰam
পেডঅর,pedɔr
বিষে,biʃe
ঘুম,gʱum
যাম,ɟam
অউরো,ɔ͡u̯ro
বাড়ীত,baɽit̪o
জামাই,ɟama͡i̯
আইস্যে,a͡i̯ʃʃe
রাতা,rat̪a
কুরার,kurar
আশে,aʃe
গুড়া,guɽa
কচুর,kocur
ছাড়া,cʰaɽa
দেখি,d̪ekʰi
ফুডুর,pʰudur
হাসে,haʃe
অলৈদ,ɔlo͡i̯d̪
ফোঁদৎ,pʰõd̪ɔt̪
রাঁধঅনী,rãd̪ʱoni
হঅলান,hɔ͡ɔ̯lan
ইয়েলর,iʲelr
এক,æk
রা,ra
অরর,ɔror
খুঁডা,kʰũda
অইননা,ɔ͡i̯nna
গুন,gun
ফরফরায়,pʰɔrpʰɔraʲ
নইননা,ninna
ঘরঅত,gʱɔrɔt̪o
লরকরায়,lɔrkraʲ
ভূঁইয়া-ভুঁইয়া,bʱũiʲa-bʱũiʲa
অইয়ি,ɔ͡i̯ʲi
তেলি,t̪eli
পাল,palo
নাইতের,na͡i̯t̪er
পোয়া,poʷa
জমিদার,ɟomid̪ar
ফেলাইবো,pʰela͡i̯bo
বাল,bal
আগে,age
নিজর,niɟɔr
বুঅত্তল,bumɔt̪t̪ol
ফুই,pʰu͡i̯
চ,c
গই,go͡i̯
আদা,ad̪a
ফচিলেও,pʰocile͡o̯
ঝাঁঝ,ɟʱãɟʱ
থাহে,t̪ʰahe
আদিলে,ad̪ile
বউয়ে,bo͡u̯ʲe
হায়,haʲ
চুরি,curi
চইল,co͡i̯l
চাবায়,cabaʲ
আকত,akot̪o
মাছতঅ,macʰt̪o
শাকত,ʃakɔt̪
নিজরগান,niɟɔrgan
খোদার,kʰod̪ar
দোহাই,d̪oha͡i̯
পররগান,pɔrorgan
আন,an
পেট,pet
ভরি,bʱori
খাই,kʰa͡i̯
আরগান,argan
আলুর,alur
লতা,lɔt̪a
টেএয়ারা,te͡e̯ʲara
ফার,pʰar
অইয়ে,ɔ͡i̯ʲe
আল্লার,allar
মাইর,ma͡i̯r
দুনিয়ার,d̪uniʲar
বাইর,ba͡i̯r
আইযহাইললা,a͡i̯͡æ̯ha͡i̯lla
যবানার,ɟɔbanar
ফোয়া,pʰoʷa
মেডিত,medit̪o
পইললে,po͡i̯lle
লোয়া,loʷa
আঁইঅ,ãi͡o̯
তুইঅ,t̪u͡i̯͡ɔ̯
ভাগত,bʱagot̪o
টান,tan
ফইরলে,pʰo͡i̯rle
মন,mon
আফরে,apʰre
নহদে,nɔhod̪e
লাম্বা,lamba
ব্যাঙঅরে,bæŋɔre
বাইট্টা,ba͡i̯tta
আঁচলৎ,ãclɔt̪
সোনা,ʃona
বদনে,bɔd̪one
চিনা,cina
আঁধাইয়ের,ãd̪ʱa͡i̯ʲer
আতর,at̪or
লডি,lɔdi
আইগগে,a͡i̯gɔge
রাম্মুইয়া,rammu͡i̯ʲa
ফাইদ্দে,pʰa͡i̯d̪d̪e
আনা,ana
দেইলে,d̪e͡i̯le
হানা,hana
অঁ,ɔ̃
ল্যাংগা,læŋga
আলও,alo
চই,co͡i̯
দুধও,d̪ud̪ʱo
হাই,ha͡i̯
ইবারে,ibare
হয়,hɔʲ
গাই,ga͡i̯
বিয়াগরি,biʲagori
ফুয়ারে,pʰuʲare
থাই,t̪ʰa͡i̯
ইতারে,it̪are
আইডে,a͡i̯de
ফাতৎ,pʰat̪ot̪
ঠাডার,tʰadar
আইল,a͡i̯l
ভাঁংগি,bʱãŋgi
ঢুকিল,dʱukilo
পানি,pani
গরিব,gorib
ওঝা,oɟʱa
গেয়ানী,geʲani
আঁআর,ãar
বুগৎ,bugɔt̪
ঘা,gʱa
আঁআরে,ãare
যে,ɟe
রৌন,ro͡u̯no
আই,a͡i̯
গরির,gorir
হাইদ্যা,ha͡i̯d̪d̪a
কানার,kanar
মনঅ,mono͡o̯
আঁধারে,ãd̪ʱare
বাঁধি,bãd̪ʱi
মারন,maron
কলা,kɔla
দেখাইলে,d̪ækʰa͡i̯le
পাপঅ,papæ
পুণ্যঅ,punno͡ɔ̯
আগর,agor
বেডার,bedar
টিপটাপ,tiptap
পানির,panir
ছিটকা,cʰitka
পিছে,picʰe
লাডির,ladir
গুতা,gut̪a
আগ,ago
টানে,tane
গোদায়,god̪aʲ
সাত,ʃat̪
পুরুষ,puruʃ
কাট্টল,kattol
খায়,kʰaʲ
পরে,pɔre
জামাইয়ে,ɟama͡i̯ʲe
ভোতাঅ,bʱot̪a͡o̯
তোয়াই,t̪oʷa͡i̯
পায়,paʲ
থেশ,t̪ʰeʃ
বা,ba
দরবেশ,d̪ɔrbeʃ
আইজ্জে,a͡i̯ɟɟe
চৈলর,co͡i̯lor
ফেনফেনি,pʰenpʰeni
বেশ,beʃ
কেঁডি,kẽdi
কুঁত্তর,kũt̪t̪or
ঘেডঘেডি,gʱedgʱedi
আদরর,ad̪orɔr
কুডুম,kudum
বঅলী,bonoli
ছালন,cʰalon
পাতৎ,pat̪ot̪
ঢালন,dʱalon
বাখলঅ,bakʰlo
আদরে,ad̪ore
গা,ga
দরদ,d̪ɔrod̪
গরন,gɔron
চুরনির,curɔnir
মনত,monot̪o
গুতগুতি,gut̪gut̪i
আম,am
তলে,t̪ɔle
পারা,para
মল্লার,mɔllar
ঢেঁইৎ,dʱẽit̪
আরাহাডা,arahada
আর,ar
তোতাহাডা,t̪ot̪ahada
আঁরার,ãrar
লয়,lɔʲ
যেন,ɟeno
তেন,t̪en
পিরল্লয়,pirollɔʲ
মস্কারি,mɔʃkari
আলাই,ala͡i̯
বালাই,bala͡i̯
মাথাৎ,mat̪ʰat̪
পরন,pɔron
আল্লাই,alla͡i̯
দিতঅ,d̪it̪ɔ͡ɔ̯
চাইলে,ca͡i̯le
ছপ্পর,cʰɔppɔr
ফাডি,pʰadi
আইসসি,a͡i̯ssi
কাজে,kaɟe
হইদ্দি,ho͡i̯d̪d̪i
লাজে,laɟe
আঁই,ãi
যদি,ɟod̪i
কই,ko͡i̯
বাঝে,baɟʱe
কইল,ko͡i̯l
তেলইন,t̪elin
গোস্ত,gost̪o
গেল,gælo
গৈ,go͡i̯
সুরগাকেএনে,ʃurgake͡e̯ne
রৈল,ro͡i̯l
হই,ho͡i̯
সুরগা,ʃurga
কেএনে,ke͡e̯ne
আইট্টে,a͡i̯tte
নলা,nɔla
গাইতে,ga͡i̯t̪e
গলা,gɔla
আফোয়াইদ্যা,apʰoʷa͡i̯d̪d̪a
বাই,ba͡i̯
খাইভ,kʰa͡i̯bʱ
গ,go
বয়সকালে,bɔʲoʃkale
চাইও,ca͡i̯͡o̯
আফ,apʰ
বেয়াগুনে,beʲagune
লাডি,ladi
উজাই,uɟa͡i̯
দইয়া,d̪iʲa
কেউ,ke͡u̯
বিবি,bibi
ছুরতী,cʰurt̪i
মাঝর,maɟʱɔr
সুয়া,ʃuʲa
শেষের,ʃeʃer
লাং,laŋ
খাড়ানী,kʰaɽani
ধারে,d̪ʱare
ভাঙ্গে,bʱaŋge
গুয়া,guʲa
আগি,agi
কুঁচে,kũce
মুতি,mut̪i
একগলা,ækgɔla
পানিত,panit̪o
নামে,name
ইচে,ice
আঁচঅলত,ãcɔlɔt̪o
আনি,ani
পাতিলাত,pat̪ilat̪
ঢালে,dʱale
আবার,abar
ফুডানিঅ,pʰudani͡o̯
মারায়,maraʲ
আরাই,ara͡i̯
টিয়া,tiʲa
গিডুত্তন,gidut̪t̪on
যক,ɟɔk
তঅ-আঁর,t̪ɔ͡o̯-ãr
সুন্দর,ʃund̪ɔr
চাম,cam
বেডায়,bedaʲ
আঁতীর,ãt̪ir
আঁতী,ãt̪i
ন-দেহে,nɔ-d̪ehe
আত,at̪o
ঠেং,tʰeŋ
থাইকতে,t̪ʰa͡i̯kɔt̪e
মুখে,mukʰe
কীউর,ki͡u̯r
আরত,arɔt̪o
আইলে,a͡i̯le
কী,ki
আনিবি,anibi
তোরত,t̪orot̪o
হাবাবি,hababi
আলে,ale
ন-আঁডইন্যা,nɔ-ãdinna
বলদ,bɔld̪
কুইজ্জা,ku͡i̯ɟɟa
খাইবার,kʰa͡i̯bar
যম,ɟɔm
বেআরির,be͡a̯rir
জাঁহাজর,ɟãhaɟɔr
খবর,kʰɔbor
লঅন,lɔ͡o̯n
দেঅন,d̪æ͡o̯n
অফুরানি,ɔpʰurani
বান্দার,band̪ar
খোয়ার,kʰoʲar
আক্কলে,akkole
বিয়াজুন,biʲaɟun
বন্দি,bond̪i
জালে,ɟale
বন্দী,bond̪i
মাছ,macʰ
বেডির,bedir
হাছে,hacʰe
বেডা,beda
ছালে,cʰale
গাছ,gacʰ
আটকুইজ্জার,atku͡i̯ɟɟar
আজুয়,aɟuʲ
নহ,nɔh
হালুয়,haluʲ
দশমী,d̪ɔʃmi
ফরউয়া,pʰɔruʷa
তসসুয়া,t̪ɔʃoʃuʃa
শ্রীপঞ্চমী,sripɔncomi
আঁতি,ãt̪i
মইরলেও,mo͡i̯rle͡o̯
ঘোড়ার,gʱoɽar
তুন,t̪un
উঁচু,ũcu
থায়,t̪ʰaʲ
আজাইম্মারে,aɟa͡i̯mma͡a̯͡e̯
বাপ,bap
ডাইলে,da͡i̯le
যেদ্দুর,ɟed̪d̪ur
হাডে,hade
আলা,ala
ডাইলেও,da͡i̯le͡o̯
এদ্দুর,ed̪d̪ur
আতির,at̪ir
ফাডার,pʰadar
অষুধে,oʃud̪ʱe
অইব,ɔ͡i̯bo
আফততুন,apʰt̪ot̪un
আফর,apʰor
ছা,cʰa
আলাইন্যা,ala͡i̯nna
বেলাইন্যা,bela͡i̯nna
ছেরঅন,cʰerɔn
আঁতরে,ãt̪ɔre
হানরে,hanore
হচু,hocu
চৌগুরে,co͡u̯gure
তেল,t̪el
এ,e
তিন্নানে,t̪innane
ন-অইলে,nɔ-o͡i̯le
বৈদ্য,bo͡i̯d̪d̪o
বাড়ীৎ,baɽit̪
আরার,arar
অতীনে,ot̪ine
লারেচারে,larecare
ভৈন,bʱo͡i̯n
পরানে,pɔrane
মারে,mare
আঁধা,ãd̪ʱa
ভেউর,bʱe͡u̯r
তিনজন,t̪inɟɔn
শতানর,ʃɔt̪anor
লেউর,le͡u̯r
আগইন্নার,aginnar
শরম,ʃɔrom
দেহইন্নার,d̪ehinnar
আইয়ক,a͡i̯ʲok
ডালা,dala
আঁইয়ক,ãiʲok
পুতর,put̪ɔr
মা,ma
পাইক,pa͡i̯k
পেয়াদা,peʲad̪a
কিছু,kicʰu
হথায়,hɔt̪ʰaʲ
ভার,bʱar
ভেজাইল্ল্যা,bʱeɟa͡i̯llæ
কথায়,kɔt̪ʰaʲ
কেলার,kelar
বাকলঅ,baklo͡o̯
দেহাইলে,d̪eha͡i̯le
আপনততুন,apnt̪ot̪un
পর,pɔr
শহরততুন,ʃɔhorot̪ot̪un
জঅল,ɟɔ͡ɔ̯l
আসল,aʃol
ছালাম,cʰalam
ন-পায়,nɔ-paʲ
চাচি,caci
পা,pa
আউগায়,a͡u̯gaʲ
আঁড়ে,ãɽe
ঠাঁআরে,tʰãare
ভাঙ্গি,bʱaŋgi
কইলে,ko͡i̯le
বলদেঅ,bɔld̪e͡o̯
আক্কল,akkol
অলা,ɔla
কুইররে,ku͡i̯rɔre
ছেই,cʰe͡i̯
হন,hɔn
ন-পরে,no-pɔre
আল্লা,alla
বাঁচক,bãcok
তোঁয়ারে,t̪õʷare
অয়াত,ɔʲat̪
গান,gan
দর্শক,d̪ɔrʃok
আঁরে,ãre
আচ্ছা,accʰa
হোঁজা,hõɟa
কুডুমর,kudumɔr
নান,nan
লাগে,lage
হাইল্যে,ha͡i̯lle
আতে,at̪e
মুইচ্যের,mu͡i̯ccer
কুঁরি,kũri
চৌগ,co͡u̯go
ঠোঁরাই,tʰõra͡i̯
আলগা,alga
চুলুর,culur
ঝুঁড়া,ɟʱũɽa
ভঅর,bʱɔ͡ɔ̯r
আধার,ad̪ʱar
ভাগ্য,bʱaggo
খোদায়,kʰod̪aʲ
মিলায়,milaʲ
ন-চয়,nɔ-cɔʲ
হাল,hal
দুকখ,d̪ukkʰo
ন-যায়,nɔ-ɟaʲ
চিরকাল,cirkal
আজাইরগা,aɟa͡i̯rga
পাইলে,pa͡i̯le
চেঁডতঅ,cẽdt̪ɔ
হামি,hami
দিতো,d̪it̪o
আঁর,ãr
চেডর,cedor
চ'ইয়ারবাল,cɔ'iʲarbal
আঁধার,ãd̪ʱar
হানাইয়াঅ,hana͡i̯ʲaʃ
পারে,pare
জুরিৎ,ɟurit
কাছি,kacʰi
ন-পারে,nɔ-pare
অউনতুন,ɔ͡u̯nt̪un
আইলদা,a͡i̯ld̪a
যিইককে,ɟi͡i̯kke
পিছনদির,picʰond̪ir
হালঅ,halo
ইককে,ikke
আজ্জের,aɟɟer
চৈলঅ,co͡i̯lo͡o̯
ছ'অলঅ,cʰɔ'ɔlo͡o̯
গাইন,ga͡i̯n
ন-অইল,nɔ-o͡i̯l
গাঁরাৎ,gãrat̪
পইরলে,po͡i̯rle
চামচিকাঅ,camocikak
থঅরায়,t̪ʰo͡ɔ̯raʲ
আইটটা,a͡i̯tta
নেয়ামত,neʲamɔt̪
হাইগদে,ha͡i̯gd̪e
সমত,ʃɔmɔt̪
কেয়ামত,keʲamɔt̪
ঘোরা,gʱora
গিয়ি,giʲi
তল,t̪ɔl
ভেরায়,bʱeraʲ
হয়দেহথ,hoʲd̪ehot̪ʰo
জল,ɟɔl
কয়দে,kɔʲd̪e
হথ,hɔt̪ʰ
আশ্বিন,aʃʃin
রাঁধি,rãd̪ʱi
কাতিত,kat̪it̪o
বর,bɔr
মাগে,mage
এই,e͡i̯
ন-মারি,nɔ-mari
ভাতে,bʱat̪e
মারঅন,maron
আল,al
ন-উইটতে,nɔ-u͡i̯tt̪e
বাক,bak
আতঅর,at̪ɔr
ফেরঅদি,pʰerod̪i
ফানি,pʰani
ন-ফড়ন,nɔ-pʰɽɔn
এরঅদিফানি,erod̪ipʰani
আডর,adr
লাথি,lat̪ʰi
ঘাডর,gʱador
কিল,kil
কোয়ালে,koʷale
জিতিল,ɟit̪il
কিনন্যায়অ,kinɔnɟaʲoʃ
মুলায়,mulaʲ
কিনন্যাঅ,kinɔnna͡o̯
বছরর,bɔcʰorɔr
এবাদত,ebad̪ɔt̪o
দিনে,d̪ine
শেষ,ʃeʃ
আত্তান,at̪t̪an
পাঁচ্চান,pãccan
ভাবি,bʱabi
চঅন,cɔ͡o̯n
আইল্যারলাই,a͡i̯llarla͡i̯
জাইল্যারলাই,ɟa͡i̯llarla͡i̯
জাল,ɟal
বেরাইজ্যার,bera͡i̯ɟɟar
গাল,gal
বছর,bɔcʰor
রামায়ণ,ramaʲon
ফরি,pʰori
হইদে,ho͡i̯d̪e
সীতা,ʃit̪a
হার,har
আপঅ,apo
লাডিঅ,ladi͡ɔ̯
ভাঙ্গঅন,bʱaŋgo͡o̯n
লাখ,lakʰ
দাত,d̪at̪
মরে,more
জিকা,ɟika
ফরর,pʰɔror
ইকা,ika
যোগাইত,ɟoga͡i̯t̪o
আদধানঅ,ad̪od̪ʱano
চেরাগ,cerag
মছইদত,mɔcʰo͡i̯d̪ɔt̪
আঁ,ã
ঠাআরা,tʰa͡a̯ra
বুঝন,buɟʱɔn
ফরিবু,pʰoribu
আলা-বোলা,ala-bola
জাইললে,ɟa͡i̯lle
দোরা,d̪ora
আরাদিন,arad̪in
রোজা,roɟa
থাআই,t̪ʰa͡a̯i
ডুম,dum
মারি,mari
আকাশর,akaʃɔr
তারা,t̪ara
জবিনঅর,ɟobinɔr
নারা,nara
বাহল,bahol
গনিত,gonit̪o
জানে,ɟane
হঅত্তর,hɔ͡o̯t̪t̪or
আহল,ahol
ইজ্জতর,iɟɟɔt̪ɔr
কুউরি,ku͡u̯ri
ছ,cʰɔ
কুরি,kuri
ইতার,it̪ar
উইতারে,u͡i̯t̪are
ধরা,d̪ʱɔra
পৈল্পে,po͡i̯lpe
ইবা,iba
উইবা,u͡i̯ba
পাঁচ,pãc
নৈদ্য,no͡i̯d̪d̪o
ছারি,cʰari
ইতি,it̪i
ভিডি,bʱidi
চৈধরীর,co͡i̯d̪ʱorir
পুত,put̪
ইছাপুইজ্যা,icʰapu͡i̯ɟɟa
আচা,aca
ফুলতানপুইজ্যা,pʰult̪anpu͡i̯ɟɟa
ছোঁচ,cʰõc
কদলপুইজ্জা,kɔd̪olpu͡i̯ɟɟa
মানুষ,manuʃ
উঅর,u͡ɔ̯r
ডঅর,do͡ɔ̯r
গোঁছ,gõcʰ
উত্তর,ut̪t̪or
বাট্টা,batta
বৈঅন,bo͡i̯͡ɔ̯n
সামনে,ʃamne
কইছ,ko͡i̯cʰo
পেডত,pedt̪o
আতুরি,at̪uri
ইয়ালর,iʲalɔr
কুরা,kura
বাগা,baga
দওন,d̪ɔ͡o̯n
ইয়ালরে,iʲalre
ভাংয়া,bʱaŋʲa
বেড়া,beɽa
ন-দেখাইছ,nɔ-d̪ekʰa͡i̯cʰo
ইছে,icʰe
কুড়িলে,kuɽile
মিছে,micʰe
বাইলে,ba͡i̯le
দিলি,d̪ili
ফাইলে,pʰa͡i̯le
ধাইলে,d̪ʱa͡i̯le
ফোন,pʰon
মারাইলে,mara͡i̯le
ধরতে,d̪ʱort̪e
পারলে,parle
ভালো,bʱalo
পালিয়ে,paliʲe
গেলে,gele
সব,ʃɔb
ভেস্তে,bʱest̪e
উরিবদে,uribd̪e
পাখি,pakʰi
ইবে,ibe
বাতাসঅত,bat̪aʃɔt̪o
উঝার,uɟʱar
ভা,bʱa
বৈদ্যর,bo͡i̯d̪d̪or
বউর,bɔ͡u̯r
নিত্যি,nit̪t̪i
জ্বর,ɟɔr
উঅরতুন,u͡ɔ̯rt̪un
পইযযে,po͡i̯ɟɟe
বুরি,buri
উয়া,uʲa
পইযযেবুরি,po͡i̯ɟɟeburi
খাড়া,kʰaɽa
উঅট্টাইল্ল্যার,u͡ɔ̯tta͡i̯llær
হৈলে,ho͡i̯le
দিষ্টি,d̪iʃti
ঐট্টাইল্ল্যার,o͡i̯tta͡i̯llær
উছুলত,ucʰulɔt̪o
উঅরদি,u͡ɔ̯rod̪i
ফিটফাট,pʰitpʰat
ভিতদি,bʱit̪od̪i
সদর,ʃɔd̪ɔr
ঘাট,gʱat
উঁজি,ũɟi
হাঁংগা,hãŋga
বইলে,bo͡i̯le
মোহরানা,mohorana
মাফ,mapʰ
যাচিয়েরে,ɟaciʲere
উইয়র,u͡i̯ʲr
পোঁদে,põd̪e
ফইর,pʰo͡i̯r
গজাইলি,gɔɟa͡i̯li
আচ্চান,accan
ছুঁইত,cʰũit̪o
উরতথাই,urt̪ɔt̪ʰa͡i̯
তিন্নান,t̪innan
লাগঅন,lagɔn
উঅরে,u͡ɔ̯re
বাবুয়ানা,babuʲana
ভিতদদি,bʱit̪d̪d̪i
খেরর,kʰerɔr
বেনা,bena
উইদ্যা,u͡i̯d̪d̪a
মাথা,mat̪ʰa
চুঁড়া,cũɽa
তারারে,t̪arare
যাত্রা,ɟat̪ra
উড়ি,uɽi
জুরি,ɟuri
উইত,u͡i̯t̪o
অই,ɔ͡i̯
মরি,mori
অতিনে,ot̪ine
হদ্দে,hod̪d̪e
শালুক,ʃaluk
খার,kʰar
উসতাদর,ust̪ad̪ɔr
পোঁয়াইতা,põʷa͡i̯t̪a
রাইতা,ra͡i̯t̪a
উতৈর্গা,ut̪o͡i̯rga
ভূতৈর্গা,bʱut̪o͡i̯rga
বুদ্ধি,bud̪d̪ʱi
দইনর,d̪inor
সাদা,ʃad̪a
পুদির,pud̪ir
চান,can
সয়দাগর,ʃɔʲd̪agor
পছিমের,pocʰimer
গাধা,gad̪ʱa
উআইস্যার,u͡a̯iʃʃar
লাই,la͡i̯
ধান,d̪ʱan
ফুআৎ,pʰu͡a̯t̪
খাইয়াল্লাই,kʰa͡i̯ʲalla͡i̯
পাআৎ,pa͡a̯t̪
গৈললে,go͡i̯lle
দুই,d̪u͡i̯
চিত,cit̪o
বিছা,bicʰa
উড়াৎ,uɽat̪
খঅন,kʰɔ͡o̯n
মসইদৎ,mɔʃo͡i̯d̪ɔt̪
লুডন,ludɔn
উঁজু,ũɟu
হুইচ,hu͡i̯c
চালাইত,cala͡i̯t̪o
ন-জানে,nɔ-ɟane
বেহা,beha
উনত,unot̪o
হাডাইত,hada͡i̯t̪o
উদঅ,ud̪o͡ɔ̯
তাবিজর,t̪abiɟɔr
জোরে,ɟore
কেঁএইলর,kẽe͡i̯lɔr
জোরঅ,ɟoro
লায়,laʲ
উন্নিশ,unniʃ
হজ্জ,hɔɟɟo
নঅ,nɔ͡o̯
টিয়ারলাই,tiʲarla͡i̯
হাইব,ha͡i̯bo
উনা,una
দুনা,d̪una
বল,bɔl
বেশি,beʃi
ভরা,bʱɔra
পেডে,pede
রসাতল,rɔʃat̪ɔl
ওঁলে,õle
ঘি,gʱi
ন-উডে,n-ude
ঋণ,rin
হেষ্ট,heʃto
মাথায়,mat̪ʰaʲ
থাকে,t̪ʰake
মলইর,mɔlir
আর-এক,arɔ-ek
জলইর,ɟɔlir
একজনর,ækɟonor
দশজন,d̪ɔʃɟɔn
আঁসিলে,ãʃile
রইস্যা,ro͡i̯ʃʃa
নিজে,niɟe
বেইশ্যা,be͡i̯ʃʃa
হাসিলে,haʃile
ইয়েলে,iʲele
মাতিলে,mat̪ile
বদা,bɔd̪a
টনটনায়,tɔntonaʲ
শিয়ালে,ʃiʲale
শিয়ালর,ʃiʲalɔr
আইলর,a͡i̯lɔr
ঐ,o͡i̯
আইলৎ,a͡i̯lɔt̪
ন-যা,nɔ-ɟa
হথায়অ,hɔt̪ʰaʲɔ
পণ্ডিতি,pondit̪i
ঝরে-অ,ɟʱɔre-o
বারিষ,bariʃ
গুলিয়ে,guliʲe
বাগ,bag
ঘরৎ,gʱɔrt̪
জন,ɟɔn
চতুর,cot̪ur
মৈরলে,mo͡i̯rle
পাঁজ্জন,pãɟɟon
আঁতুর,ãt̪ur
জিদে,ɟid̪e
বাদে,bad̪e
মৈগে,mo͡i̯ge
গালৎ,galot̪
হাত,hat̪
একর,ækor
কেডি,kedi
সের,ʃer
পাঁচচান,pãccan
পিডা,pida
ফুনি,pʰuni
হুনি,huni
হাতে,hat̪e
তালি,t̪ali
ন-বাজে,nɔ-baɟe
হারাই,hara͡i̯
মারাই,mara͡i̯
এরিঅ,eri͡o̯
বেরিঅ,beri͡o̯
এলেমততুন,elemt̪ɔt̪un
হেলেমর,helemɔr
জোর,ɟor
পাতিলা,pat̪ila
নারিচ,naricɔ
শাক,ʃak
বায়পুতে,baʲput̪e
যুক্তি,ɟukt̪i
পাইয়িদে,pa͡i̯ʲid̪e
রাঁনি,rãni
হাক,hak
যুতি,ɟut̪i
একাদশী,ækad̪ʃi
ছারাই,cʰara͡i̯
তিরিশ,t̪iriʃ
বাযন,baɟon
শাড়ি,ʃaɽi
পিন্দে,pind̪e
তেই,t̪e͡i̯
এককান,ækkan
খের,kʰer
ছিড়ি,cʰiɽi
দুইআন,d̪u͡i̯͡a̯n
রুই,ru͡i̯
দিইয়ুম,d̪i͡i̯ʲum
হারি,hari
আরি,ari
একবার,ækbar
তিনবার,t̪inbar
ফিরি,pʰiri
লাথিয়ে,lat̪ʰiʲe
মাইনষর,ma͡i̯nʃɔr
ইজ্জত,iɟɟɔt̪
কলিত,kolit̪o
রাড়ির,raɽir
সতীর,ʃot̪ir
গরে,gore
বিচার,bicar
ঝড়ে,ɟʱɔɽe
মাঘে,magʱe
শীত,ʃit̪
বাইরা,ba͡i̯ra
ধ্যাঅন,d̪ʱæ͡ɔ̯n
তারে,t̪are
মইগ্যার,mo͡i̯ggar
জ্ঞান,gæn
গায়,gaʲ
মায়,maʲ
রাঁধনি,rãd̪ʱoni
পুড়ি,puɽi
মরের,mɔrer
ফেন,pʰen
গালনি,galoni
একেত,æket̪
উলাইল্যা,ula͡i̯lla
বুড়ি,buɽi
আরঅ,arɔ͡o̯
পইরজ্যে,po͡i̯roɟɟe
ঢোলঅর,dʱolɔr
খাইৎ,kʰa͡i̯t̪
যারে,ɟare
জাঁচি,ɟãci
উধার,ud̪ʱar
পড়ে,pɔɽe
গাছঅর,gacʰɔr
ছাল,cʰalo
আরেক,arek
গাছৎ,gacʰot̪
এক্কানা,ækkana
পোয়ার,poʷar
হ্যাতরা,hæt̪ɔra
গোস্স্সা,gossa
বড়,bɔɽo
দশা,d̪ɔʃa
একজনে,ækɟone
টেইত,te͡i̯t̪o
পলল,pɔlolo
দেয়,d̪eʲ
গাতা,gat̪a
চইলে,co͡i̯le
বুঝা,buɟʱa
ক্যান,kæn
হারাম,haram
মণ,mɔn
দুধঅত,d̪ud̪ʱɔt̪o
ফোঁডা,pʰõda
চনা,cɔna
ফইরর,pʰo͡i̯rɔr
ও,o
বোতলর,bot̪olɔr
ঐতকাইল্যা,o͡i̯t̪ka͡i̯lla
দিন,d̪in
নাইরে,na͡i̯re
নাতি,nat̪i
খাবলা,kʰabla
দধি,d̪od̪ʱi
খাতি,kʰat̪i
ওজন,oɟon
বুঝি,buɟʱi
ভোজন,bʱoɟon
অনত্,ɔnɔt̪
পড়অন,pɔɽɔn
ওঁর,õr
ন-পঅন,nɔ-pɔn
ওদা,od̪a
চৈল,co͡i̯l
দড়অ,d̪ɔɽɔ
গোদা,god̪a
ঠেঙয়র,tʰeŋʲor
ওঁগগা,õgga
টিবি,tibi
বেয়াগ,beʲag
ভাতের,bʱat̪er
পঅন,pɔ͡o̯n
ওরে,ore
যাদুর,ɟad̪ur
হৈছালি,ho͡i̯cʰali
চাআলি,ca͡a̯li
ওলইলে,olile
গারাৎ,garat̪
বঅই,bɔ͡o̯͡i̯
ওঁল,õl
ফুলি,pʰuli
কেলাগাছ,kelagacʰ
অন,ɔn
ঔগওয়া,o͡u̯goʷa
ভাতৎ,bʱat̪ot̪
দুওয়া,d̪u͡o̯ʷa
অতীনের,ot̪iner
এত,æt̪o
কৈল,ko͡i̯l
ঔনৎ,o͡u̯not̪
যাই,ɟa͡i̯
ফিরিং,pʰiriŋ
কুত্তর,kut̪t̪or
কুইরর,ku͡i̯rɔr
কানা,kana
চৌগত,co͡u̯gɔt̪o
কেঅর,ke͡ɔ̯r
ফোঁদদি,pʰõd̪od̪i
কেঅ,ke͡o̯
বই-বই,bo͡i̯-bo͡i̯
গিরা,gira
গনের,gɔner
ক্যাডার,kædar
গিলিত,gilit̪o
ন-ফারের,nɔ-pʰarer
ফোয়াদঅর,pʰoʷad̪ɔr
পেলাইত,pela͡i̯t̪o
চৌগৎ,co͡u̯gɔt̪
কুঁড়,kũɽo
গাঁতৎ,gãt̪t̪
কেলারে,kelare
দলা,d̪ɔla
হলৈদরে,holo͡i̯d̪ɔre
ছাই,cʰa͡i̯
বৌঅরে,bo͡u̯ɔre
সেবিলে,ʃebile
পুতরে,put̪ɔre
পাই,pa͡i̯
ছৈঁঅরে,cʰo͡ĩ̯ɔre
গিল,gil
গরুরে,gorure
নাফা,napʰa
কইলকতার,kɔ͡i̯lokɔt̪ar
আইনলাম,a͡i̯nlam
পুতি,put̪i
বাইন,ba͡i̯n
দুয়ার,d̪uʲar
যারগই,ɟargi
চুলা,cula
কানারে,kanare
দেহঅন,d̪ehɔn
কাজির,kaɟir
গনাৎ,gɔnat̪
গোয়াইলৎ,goʷa͡i̯lɔt̪
বাঁআলে,bãale
থাপ্পর-চোয়ারে,t̪ʰappor-coʷare
কইয়ম,ko͡i̯ʲom
বাঁআলরে,bãalɔre
তে,t̪e
ন-বুঝে,no-buɟʱe
ঠারে-ঠুরে,tʰare-tʰure
চাইর,ca͡i̯r
পৈরল্লে,po͡i̯rolle
ঘাঁরে,gʱãre
তই,t̪o͡i̯
বুজিৎ,buɟit̪
কুত্তার,kut̪t̪ar
ঘেডিত,gʱedit̪o
কলি,koli
হাইল্যার,ha͡i̯lær
মাডিত,madit̪o
লারাচারা,laracara
পেডভরা,pedbʱɔra
কেঅয়,ke͡ɔ̯ʲo
পানিৎ,panik
নামইলে,namile
কমত্,kɔmot̪
আঁডু,ãdu
নামা,nama
কোলৎ,kolot̪
ব,bo
ই,i
দাঁড়ি,d̪ãɽi
হাঁরঅন,hãrɔn
কঅরায়,koraʲ
আঁডুর,ãdur
নীচে,nice
পৌশশঅন,po͡u̯ʃʃɔn
চেতন,cet̪on
হোয়ান,hoʲan
কোয়ালঅ,koʷalo
খাজ্জন,kʰaɟɟon
ছালামঅ,cʰalamk
গরঅন,gɔron
কিলঅর,kilɔr
চোডে,code
বিলঅর,bilɔr
খাবি,kʰabi
কিলঅরে,kilɔre
পেরতেঅ,perot̪e͡o̯
ডরায়,dɔraʲ
কামাইগার,kama͡i̯gar
দা,d̪a
কামাইর্গা,kama͡i̯rga
হঁত্তে,hɔ̃t̪t̪e
হারাপ,harap
কালা,kala
মেঘ,megʱ
আলাবালা,alabala
মেঘে,megʱe
বরে,bɔre
হইয়ুম,ho͡i̯ʲum
আরে,are
ঠারে,tʰare
লইবা,lɔ͡i̯ba
আক্কলঅর,akkolɔr
ঘরর,gʱɔror
গরায়,gɔraʲ
কার,kar
দুক,d̪uk
পেডৎ,pedot̪
গুঁজে,gũɟe
বাঁঅলর,bãɔlɔr
দাঁতত,d̪ãt̪t̪o
হারিগরর,harigɔrɔr
বৈদ্যের,bo͡i̯d̪d̪er
মৌগততুন,mo͡u̯gɔt̪ot̪un
নিত্তি,nit̪t̪i
ভূতর,bʱut̪ɔr
বাঁইটঠা,bãittʰa
ঘেডর,gʱedor
ভুতর,bʱut̪or
ঘাইটঠা,gʱa͡i̯ttʰa
মাছের,macʰer
লইটঠা,lɔ͡i̯ttʰa
দেশর,d̪eʃɔr
ভুঁতর,bʱũt̪ɔro
পইটঠা,po͡i̯ttʰa
হোন,hon
দোন,d̪on
বইসতঅ,bo͡i̯ʃt̪o͡o̯
পাইরলে,pa͡i̯͡i̯le
হুতঅ,hut̪o
কোন,kon
হোয়ালর,hoʷalɔr
দোষে,d̪oʃe
নৃ-মিলে,nri-mile
ভিডারে,bʱidare
গাইলদে,ga͡i̯ld̪e
পোয়াইলে,poʷa͡i̯le
কোয়ালর,koʷalɔr
কিঅর,ki͡ɔ̯r
মাঝৎ,maɟʱɔt̪
বাজঁলর,baɟ̃lɔr
ফেডে,pʰede
ন-জারে,nɔ-ɟare
লেজ,leɟ
চৈদ্দ,co͡i̯d̪d̪o
চুঙ্গাত,cuŋgat̪
ভইরলেঅ,bʱo͡i̯rle͡o̯
সোজা,ʃoɟa
নো-অয়,no-ɔʲ
হাইল,ha͡i̯l
বেইননার,be͡i̯nnar
কাইল,ka͡i̯l
কেলাদি,kelad̪i
ভারন,bʱaron
কেছ্য,kecʰo
তুইলতে,t̪u͡i̯lt̪e
আপ,ap
উডন,udon
কুইচ্ছারে,ku͡i̯ccʰare
চৌঅগ,co͡u̯ɔg
দিলে,d̪ile
পাত্তাল,pat̪t̪al
ছেদিব,cʰed̪ibo
কর্তার,kɔrt̪ar
ইচ্ছাতে,iccʰat̪e
কীর্তন,kirt̪on
চামও,camo
চেঁডর,cẽdɔr
কেঁডাদি,kẽdad̪i
কেঁডা,kẽda
তোলন,t̪olon
হৈঅর,ho͡i̯͡ɔ̯r
কৈ,ko͡i̯
ভাজন,bʱaɟon
কৈঅর,ko͡i̯͡ɔ̯r
হৈ,ho͡i̯
হাড়ে,haɽe
ভারে,bʱare
মাইজ্জি,ma͡i̯ɟɟi
ভুলঅ,bʱulo
ধইজ্জি,d̪ʱo͡i̯ɟɟi
চুরির,curir
ফাঁসি,pʰãsi
হানৎ,hanot̪
হলম,holom
রাই,ra͡i̯
দুনিয়াই,d̪uniʲa͡i̯
তোয়অন,t̪oʲo͡ɔ̯n
কানৎ,kanoʃ
কানর,kanɔr
সোনায়,ʃonaʲ
হান,han
হানর,hanor
কিলর,kilɔr
বিলর,bilɔr
বেআরি-লগে,beɟori-lge
ফুঁতে,pʰũt̪e
ক্ষুধা,kʰud̪ʱa
হাইবো,ha͡i̯bo
কিসতা,kist̪a
মিসতা,mist̪a
নাইরকলর,na͡i̯rɔkɔlɔr
চুঁছ,cũcʰo
বাপততে,bapt̪t̪e
উইটটে,u͡i̯tte
দাঁরি,d̪ãri
ফোয়াততে,pʰoʷat̪t̪e
মোছ,mocʰo
কুইচ্যারে,ku͡i̯ccare
ন-দেখাইস,nɔ-d̪ekʰa͡i̯ʃ
হোদালে,hod̪ale
বুক,buk
পিঠ,pitʰ
ন-টানে,nɔ-tane
কোদালে,kod̪ale
কুত্ত,kut̪t̪o
যতই,ɟɔt̪o͡i̯
স্ট্যান্ডার্ড,standard
অউক,ɔ͡u̯k
যাইয়েরে,ɟa͡i̯ʲere
লুডে,lude
ছাইয়ুত,cʰa͡i̯ʲut̪
খুরমা,kʰurma
ফাইয়ে,pʰa͡i̯ʲe
ফান,pʰan
গরের,gɔrer
খাইবের,kʰa͡i̯ber
বারো,baro
লনঅর,lɔnɔr
ফইরা,pʰo͡i̯ra
ন-পাইললে,nɔ-pa͡i̯lle
খোদ,kʰod̪
অউরি,ɔ͡u̯ri
মঈ,mɔ͡i̯
ডেইলা,de͡i̯la
বায়,baʲ
দাই,d̪a͡i̯
পইজ্জে,po͡i̯ɟɟe
ফইরুত,pʰo͡i̯rut̪
গেইয়ি,ge͡i̯ʲi
নাতা,nat̪a
ছাড়ে,cʰaɽe
বরাইয়্যা,bɔra͡i̯ʲla
খাল,kʰalo
কাডি,kadi
কুমির,kumir
ঘল্লান,gʱɔllan
খালৎ,kʰalot̪
জোরৎ,ɟorɔt̪
ফুয়াইলে,pʰuʲa͡i̯le
ফুয়ায়,pʰuʲaʲ
খাইল্যা,kʰa͡i̯lla
ঘড়া,gʱɔɽa
বাজে,baɟe
রূপ,rup
বেডীর,bedir
হাজন,haɟon
খর,kʰɔr
পোন্দে,pond̪e
জানি,ɟani
মোছওয়ালা,mocʰoʷala
বাজি,baɟi
গিয়ে,giʲe
দাড়িওয়ালা,d̪aɽi͡o̯ʷala
খাজানাততুন,kʰaɟanat̪ot̪un
বাজানা,baɟana
খাইয়ুম,kʰa͡i̯ʲum
পেড,ped
ধাইয়ুম,d̪ʱa͡i̯ʲum
দেশ,d̪eʃ
ছাড়ি,cʰaɽi
রাজ্য,raɟɟo
খাউযযনি,kʰa͡u̯ɟɟoni
উইট্রে,u͡i̯tre
ন-জাইলে,nɔ-ɟa͡i̯le
বইত,bo͡i̯t̪o
ন-জাইনলে,nɔ-ɟa͡i̯nle
লরে,lɔre
মউই,mɔ͡u̯i
ডেউলা,de͡u̯la
খাইতে,kʰa͡i̯t̪e
বারে,bare
আইটতে,a͡i̯tt̪e
খওর,kʰor
মাসর,maʃor
তেরো,t̪ero
গনর,gɔnor
ঝোরাৎ,ɟʱorat̪
খোশ,kʰoʃ
হবর,hɔbor
অইলেঅ,æ͡i̯le͡o̯
ঝুটা,ɟʱuta
গালত্তোবারে,galot̪t̪obare
গরাস,gɔraʃ
গরুতুন,gorut̪un
পুছার,pucʰar
গালঅর,galɔr
বাআরদি,ba͡a̯cʰod̪i
হঅন,hɔ͡o̯n
গিরস্থর,girɔst̪ʰɔr
খারাপ,kʰarap
নাইয়রে,na͡i̯ʲre
ঝি,ɟʱi
বেড়নএ,beɽone
গরিত,gorit̪o
এক্কানলাইতথাই,ækkanla͡i̯t̪ɔt̪ʰa͡i̯
আততান,at̪ot̪an
গইরলে,girle
কাম,kam
শরবত,ʃɔrbot̪
ফর্বত,pʰɔrbɔt̪
গরিবের,goriber
গরিবিপনা,goribipɔna
নুনদি,nund̪i
চিনিপানা,cinipana
গোড়া,goɽa
হাডি,hadi
ডালঅন,dalɔn
আগাত,agat̪
দঅন,d̪ɔ͡o̯n
গুরা,gura
হালে,hale
নানারঅ,nanaro
জোয়ান,ɟoʲan
অউরঅ,ɔ͡u̯rɔ
বুড়া,buɽa
বেয়াইরঅ,beʲa͡i̯ro
গুণর,gunɔr
আদর,ad̪or
গুণীততে,gunit̪ɔt̪e
ফুলর,pʰulr
ভোঁঅরাত্তে,bʱõɔrat̪t̪e
ফেরতেঅ,pʰert̪e͡o̯
ছেপ,cʰep
ফেলে,pʰele
গীতঅর,git̪ɔr
কুনকুনি,kunkuni
ঝড়অর,ɟʱɔɽɔr
পিনপিনি,pinpini
কজন,kɔɟon
মুকর,mukor
বেয়্যাগুনে,beʲagune
হাটুল,hatul
ওঁডৎ,õdot̪
গেইল,ge͡i̯l
গোঁজরর,gõɟrɔr
টালৎ,talt̪
পদ্মফুল,pɔd̪pʰul
ফুডন,pʰuɽon
গোয়াইল্ল্যার,goʷa͡i̯llær
দুধ-দই,d̪ud̪ʱ-d̪i
গোয়াইল্লা,goʷa͡i̯lla
হত্তে,hɔt̪t̪e
গেরঅস্থর,gerɔst̪ʰɔr
চোরাইয়্যা,cora͡i̯ʲla
বোঁচকা,bõcka
বাঁধে,bãd̪ʱe
ঘোরার,gʱorar
গাঁজা,gãɟa
পাঁজা,pãɟa
গদ্দনায়,gɔd̪d̪onaʲ
বাপ-দাদার,bap-d̪ad̪ar
নাম,nam
ডুবাই,duba͡i̯
ডাকে,dake
গাঁজাখোর,gãɟakʰor
গাইয়ে,ga͡i̯ʲe
গোয়ালে,goʷale
পানিঅ,pani͡o̯
দুধ,d̪ud̪ʱ
গুরু,guru
বিদ্যা,bid̪d̪a
গোঁওট্রালৎ,gõotralok
পদ্দফুল,pɔd̪d̪opʰul
ফুডঅন,pʰudɔn
গোরা,gora
আগাদি,agad̪i
গোয়াইললেই,goʷa͡i̯lle͡i̯
গাঁরা,gãra
খোঁরে,kʰõre
পারার,parar
মৈত্ত,mo͡i̯t̪t̪o
পরি,pori
গোয়াইল্যার,goʷa͡i̯lær
ঘরভাঙ্গন,gʱɔrbʱaŋgon
মছইত,mɔcʰo͡i̯t̪o
ভাঙ্গন,bʱaŋgon
ফুয়ান,pʰuʲan
লিপি,lipi
দুয়ারত,d̪uʲarɔt̪o
আছাড়,acʰaɽ
হা,ha
হাচে,hace
ঘাঢ়া,gʱaɽʱa
দূরে,d̪ure
ঔনর,o͡u̯nɔr
ডাহঅদি,dahod̪i
উনায়,unaʲ
অউনর,ɔ͡u̯nɔr
ন-যাই,nɔ-ɟa͡i̯
ঘুমর,gʱumɔr
ভান,bʱan
গৈরলে,go͡i̯role
তুলিত,t̪ulit̪o
ঘাডৎ,gʱadot̪
ডুবঅন,dubɔn
ঘুমে,gʱume
ন-মানে,nɔ-mane
খাট,kʰat
পিরিত,pirit̪o
জাত-বেজাত,ɟat̪-beɟat̪
ঘোঁঅডার,gʱõʃdar
ভিতর,bʱit̪or
খেমটা,kʰemta
নাচ,nac
পার,par
ঘাইট্টাইল্যা,gʱa͡i̯tta͡i̯lla
ঘাড,gʱad
ঘিয়র,gʱiʲor
বাঁআশে,bãaʃe
ছালা,cʰala
বেচা,beca
যঅন,ɟɔ͡o̯n
ঘরঅর,gʱɔrɔr
মঅরঅ,mɔ͡o̯ro͡o̯
মৈষ,mo͡i̯ʃ
চরান,cɔran
বনঅর,bɔnɔr
উন্দুরে,und̪ure
কাডে,kade
বেরা,bera
তা,t̪a
টের,ter
বের,ber
বাত্তি,bat̪t̪i
ন-দিই,no-d̪i͡i̯
মোছইদত,mocʰo͡i̯d̪ɔt̪
ডুবন,dubon
ঘাড়ার,gʱaɽar
ন-খায়,nɔ-kʰaʲ
ঘরজামাইয়্যা,gʱɔrɟama͡i̯ʲla
কামাই,kama͡i̯
খাইঅম,kʰa͡i̯͡ɔ̯m
হততুন,ht̪ot̪un
গিরার,girar
কড়ি,koɽi
নাশে,naʃe
হামাই,hama͡i̯
ঘোড়া,gʱoɽa
খোঁড়া,kʰõɽa
নাইত্তা,na͡i̯t̪t̪a
নুরুনি,nuruni
মাত,mat̪
অনুবাদ,onubad̪
বাঁধন,bãd̪ʱon
মুইর্গ্যা,mu͡i̯rgæ
গরচ,gɔroc
কিনন,kinɔn
টুইগ্যা,tu͡i̯gka
বিয়া,biʲa
করন,kɔron
তঅই,t̪ɔ͡o̯͡i̯
ঘোলাই,gʱola͡i̯
হারামজাদা,haramɟad̪a
চিটাইঙ্গা,cita͡i̯ŋga
ফুয়া,pʰuʲa
মেড়িত,meɽit̪o
ফইল্লে,pʰɔ͡i̯lle
লুয়া,luʲa
চিলে,cile
ছোঅল,cʰo͡ɔ̯l
ফেজা,pʰeɟa
অইলেও,æ͡i̯le͡o̯
চোর,cor
চিৎ,cit̪
বাআদে,ba͡a̯d̪e
উইৎ,u͡i̯t̪
করিৎ,korit
মুখ,mukʰ
লাহরি,lahori
বৌঅর,bo͡u̯ɔr
চৈধরি,co͡i̯d̪ʱri
বরঅ,bɔro͡ɔ̯
ফুআয়,pʰu͡a̯ʲ
পৌঁদঅর,po͡ũ̯d̪ɔr
চৌগে,co͡u̯ge
সংসার,ʃɔŋʃar
দেখে,d̪ekʰe
পৈত্তে,po͡i̯t̪t̪e
দাইলে,d̪a͡i̯le
বাড়ে,baɽe
চাচতো,cacot̪o
জেডতো,ɟedt̪o
ভাইয়ান,bʱa͡i̯ʲan
নাও,na͡o̯
পেডর,pedor
চোরাইয়ার,cora͡i̯ʲar
বাড়িত,baɽit̪o
দালান,d̪alan
চোরঅর,corɔr
দশ,d̪ɔʃ
বড়অ,bɔɽo͡ɔ̯
চিনদে,cind̪e
ভৌডঅ,bʱo͡u̯do͡o̯
হওন,hon
ফোঁন,pʰõn
ডাহাইতে,daha͡i̯t̪e
চান্দর,cand̪ɔr
ফনর,pʰɔnor
আঁদার,ãd̪ar
চাঁদরেঅ,cãd̪ore͡o̯
গন্নায়,gɔnnaʲ
ধরে,d̪ʱore
চাদ্দরর,cad̪d̪orɔr
টাইলে,ta͡i̯le
মোশায়,moʃaʲ
অরায়,ɔraʲ
বোক্কার,bokkar
ভেতর,bʱet̪or
নজর,noɟor
ভাঁআইরর,bʱãa͡i̯rɔr
কোনাত,konat̪o
চৈৎ,co͡i̯t̪
মাইসা,ma͡i̯ʃa
খরানে,kʰɔrane
খোঁজের,kʰõɟer
পরাণে,pɔrane
তঅ,t̪ɔ͡o̯
চিকদইয্যা,cikd̪iɟɟa
একদইয্যা,ækd̪iɟɟa
মনঅত,mɔnɔt̪o
পোলিশ,poliʃ
পইতা,po͡i̯t̪a
ন-লায়,nɔ-laʲ
চডি,codi
জোতার,ɟot̪ar
ফিতে,pʰit̪e
বদলাইত,bɔd̪la͡i̯t̪o
ফারে,pʰare
হাসিয়ত,haʃiʲot̪
ন-ফারে,nɔ-pʰare
চউকে,cɔ͡u̯ke
যুইননা,ɟu͡i̯nna
কোয়াইল্‌ল্লা,koʲa͡i̯llla
কাডিলে,kadile
দুইননা,d̪u͡i̯nna
আনধার,and̪ʱar
চইয়ার,cɔ͡i̯ʲar
দহইন,d̪ɔhin
চোরে,core
মঅতো,mɔ͡o̯t̪o
চাইলদা,ca͡i̯ld̪a
বেচনি,beconi
দোলনাত,d̪olnat̪o
চরে,cɔre
হন্নান,hɔnnan
ফুছার,pʰucʰar
চোররে,corore
গেরস্তরে,gerost̪ɔre
চইদি,co͡i̯d̪i
থাক,t̪ʰak
চরি,cori
বরি,bori
উরাৎ,urat̪
লাদন,lad̪on
চেলা,cela
মৈষর,mo͡i̯ʃɔr
নাআন,na͡a̯n
মৈচালন,mo͡i̯calon
ছলর,cʰɔlor
সিন্নি,ʃinni
ছ্যাফ,cʰæpʰ
গিলিলে,gilile
ফানির,pʰanir
তিরাশ,t̪iraʃ
ন-মরে,no-mɔre
ছ'অলে,cʰɔ'ole
প'অলে,po'ole
ছঅল,cʰɔ͡ɔ̯lo
মৈরলাম,mo͡i̯rlam
গিরস্থে,girɔst̪ʰe
আনুনি,anuni
খাইলাম,kʰa͡i̯lam
ছ'অল,cʰɔ'ɔlo
চইত,cɔ͡i̯t̪o
লাইগদঅ,la͡i̯gd̪ɔ͡o̯
ছোড,cʰod
মোড,mod
বেডিঅ,bedi͡o̯
ঠআঁক,tʰãk
কেলাতলে,kelat̪ɔle
লাংগুয়া,laŋguʷa
ডাউগ্য,da͡u̯ggo
নাচে,nace
খুডার,kʰudar
বলে,bole
মেয়োফোয়াই,meʲopʰoʷa͡i̯
মদ্দর,mɔd̪d̪or
ছইল্যা,cʰo͡i̯lla
খুঁত,kʰũt̪
ছিক্কার,cʰikkar
বিলাইঅর,bila͡i̯͡ɔ̯r
ছিক্কা,cʰikka
লত,lɔt̪o
ন-ফাইলে,nɔ-pʰa͡i̯le
ফালে,pʰale
ফঅলে,pʰɔ͡o̯le
আঁস,ãʃ
আন্ধে,and̪ʱe
আঁঝ,ãɟʱ
কান্দে,kand̪e
আঁধায়,ãd̪ʱaʲ
ছঅলর,cʰɔ͡ɔ̯lɔr
লম্বর,lɔmbɔr
ছুইল্‌লা,cʰu͡i̯lla
ছঅলে,cʰɔ͡o̯le
বিআয়,bi͡a̯ʲ
ছোঅদির,cʰoggod̪ir
দুর্গোচ্ছব,d̪urgoccʰob
বাকি,baki
ন-থায়,nɔ-t̪ʰaʲ
জইদারি,ɟɔ͡i̯d̪ari
গোঁড়াৎ,gõɽat̪
কলম,kɔlom
গুজি,guɟi
ভঅইয়্যা,bʱɔ͡o̯͡u̯iʲla
নাচায়,nacaʲ
ফেইলতে,pʰe͡i̯lɔt̪e
কুলা,kula
ছঅলরে,cʰɔ͡ɔ̯lɔre
কিইয়ে,ki͡i̯ʲe
পাইয়্যি,pa͡i̯ki
হাডা,hada
কেএরে,ke͡e̯re
ছাইয়ুর,cʰa͡i̯ʲur
জাতে,ɟat̪e
জাত,ɟat̪
কিয়ারা,kiʲara
গাত,gat̪
গোষ্ঠীর,goʃtʰir
পির,pir
ফুতি,pʰut̪i
পুয়ার,puʲar
চাইবা,ca͡i̯ba
হাডৎ,hadt̪
মাঅ,maʃ
কন্যার,konnar
জোঁকর,ɟõkɔr
মুঅত,mu͡ɔ̯t̪o
ফরন,pʰɔron
নুন,nun
জয়হালে,ɟɔʲhale
খয়,kʰɔʲ
জয়কালে,ɟɔʲkale
জেতারে,ɟet̪are
বারাইতে,bara͡i̯t̪e
হতক্ষণ,ht̪okkʰon
জাতঅর,ɟat̪ɔr
মাইয়া,ma͡i̯ʲa
কালাঅ,kalab
জাতৎ,ɟat̪t̪
মাতাল,mat̪al
তালৎ,t̪alot̪
ঠিক,tʰik
হারামখোর,haramkʰor
ফোয়ান,pʰoʲan
বউয়ের,bo͡u̯ʲer
দেহা,d̪eha
শুকুর,ʃukur
জুঁইদারের,ɟũid̪arer
ভিক,bʱik
মাগিলেও,magile͡o̯
ঘোরাত,gʱorat̪
জমিদারের,ɟomid̪arer
জাতর,ɟat̪or
গাতে,gat̪e
কন্যা,konna
জেউরগা,ɟe͡u̯rɔga
রোয়াঅ,roʷa͡ɔ̯
রোয়া,roʷa
পোয়াঅ,poʷa͡ɔ̯
খাডি,kʰadi
পৈ,po͡i̯
র,ro
গিরছ,gircʰo
খুঁড়া,kʰũɽa
মৈর,mo͡i̯r
জিইক্কা,ɟi͡i̯kka
ঝড়,ɟʱɔɽ
ইক্কা,ikka
জুঁইর,ɟũir
জত্তনে,ɟɔt̪t̪one
বত্তন,bot̪t̪on
মাইয়্যা,ma͡i̯ʲla
নদীর,nod̪ir
ঘোলা,gʱola
কৈন্যা,ko͡i̯nna
জাতঅ,ɟat̪o
পেডঅ,pedɔ
ভরিল,bʱoril
জিরাই,ɟira͡i̯
জাগা,ɟaga
কুত্তা,kut̪t̪a
আনের,aner
ঝাড়িয়ে,ɟʱaɽiʲe
নেলাইদে,nela͡i̯d̪e
মু,mu
নেয়ালাদে,neʲalad̪e
বউয়র,bɔ͡u̯ʲor
ঝরতুয়ানে,ɟʱɔrt̪uʷane
বক,bɔk
কেরামতি,keramot̪i
বারের,barer
জব্দ,ɟɔbd̪o
শিলে,ʃile
কিলে,kile
ঝিউরে,ɟʱi͡u̯re
বৌউরে,bo͡u̯ure
শিখন,ʃikʰon
ঝিঅর,ɟʱi͡ɔ̯r
জ্বালা,ɟala
বুঅৎ,bu͡ɔ̯t̪
খোঁচা,kʰõca
ভূতঅর,bʱut̪ɔr
পোঁজা,põɟa
ঝিএ,ɟʱi͡e̯
পিন,pin
পিনি,pini
গানঅর,ganɔr
গুনগুনি,gunguni
ঝোর,ɟʱor
ভাঁইল,bʱãil
বলি,boli
হক্কলে,hɔkkole
বান,ban
দেঅনর,d̪æ͡o̯nɔr
ঝাল,ɟʱal
চামড়া,camɽa
লাল,lal
বাঘের,bagʱer
দুধঅ,d̪ud̪ʱo
ফওন,pʰo͡o̯n
টিপ,tip
টাপ,tap
ধার,d̪ʱar
চর-ন,cɔro-n
চিনে,cine
নওর,nor
নাইয়া,na͡i̯ʲa
টেইট্যা,te͡i̯tt̪a
কলত,kɔlot̪o
টেঅরায়,te͡ɔ̯raʲ
খেত,kʰet̪
টানি,tani
আইনতে,a͡i̯nt̪e
যওন,ɟɔ͡o̯n
যঅক,ɟɔ͡ɔ̯k
খেলা,kʰela
অঅক,ɔ͡ɔ̯k
ফাঁদে,pʰãd̪e
আতিদি,at̪id̪i
আতি,at̪i
ছারা,cʰara
জগৎ,ɟɔgot̪
বেঁহা,bẽha
টিয়ায়,tiʲaʲ
বিয়ায়,biʲaʲ
ঠাট,tʰat
বজায়,bɔɟaʲ
রাখঅন,rakʰɔn
ঠেকি,tʰeki
ঠকি,tʰoki
বেয়েডাইম্যার,beʲeda͡i̯mmar
চিঅন,ci͡ɔ̯n
ঠেকি-ঠকি,tʰeki-tʰoki
শিখিল,ʃikʰil
হে,he
মুরুকখর,murukkʰor
দেই,d̪e͡i̯
শিখনত,ʃikʰonɔt̪o
পন্ডিতঅর,pondit̪ɔr
ঠান,tʰan
টগীর,tgir
কে-নে,ke-ne
উডের,uder
কঁরী,kɔ̃ri
হরী,hori
ডেকচিত,dekcit̪o
ঢাকনা,dʱakna
ডাইল,da͡i̯l
পৈরলে,po͡i̯rle
ঘিঅৎ,gʱi͡ɔ̯t̪
পরৈগে,pɔro͡i̯ge
মাইন্‌ন্সর,ma͡i̯nnʃɔr
চাবাইলেঅ,caba͡i̯le͡o̯
মিছিরি,micʰiri
গরিবঅর,goribɔr
ডোমঅর,domɔr
পৌঁদত,po͡ũ̯d̪t̪o
গু,
পোঁদত,
বাশ,
ডুম্,
সারা,
দিন্নান,
ঢক,
জানির,
চডক,
আনু,
অনি,
আন্,
ঢেই,
স্বর্গত,
গেলেঅ,
ভানে,
মক্কাত,
টেইর,
কিলা,
ঢেডরা,
পিডন,
ঢেরা,
ঢোষ,
পাদে,
মেলা,
আঁসায়,
ফোঁষ,
হৈলজা,
ছেদে,
হাসায়,
গেদায়,
এটি,
একটি,
অর্থাৎ,
এক-এক,
ধরনের,
রকম,
ফলাফল,
হরঅর,
বেশিদিন,
তোলা,
দেঅন্,
তোলানি,
তরুত,
তুরুত,
কা,
গরঅর,
মাইয়ালা,
জিয়ৎ,
কাজীর,
দরবার,
ইয়ৎ,
তুই,
দিয়ারে,
মুই,
দিয়া,
তারিফর,
ভোতায়,
তিয়াইলে,
আঁট,
বাজার,
লইঅ,
তেলে,
কামাইয়া,
খুর,
বুলন,
তালরে,
তিল,
তিলরে,
তাল,
তোঁয়ারা,
বেয়াইয়ালা,
অইলাম,
আবদুল্লা,
পলা,
হৈলাম,
মমৈচ্ছা,
খঅনু,
তেইল্‌লা,
চোরাঅ,
পৈক,
সাবরেইষ্টারঅ,
হাকিম,
তোর,
পোঁয়াইততার,
পাদ্‌,
সমান,
যে-বিলর,
ফুডি,
এ-বিলর,
বোগা,
তীরত,
তরী,
তলত,
চিন্দে,
তালত,
ভাইরে,
খাইঅ-যে,
মনৎ,
পইসা,
দিতে,
ছোদঅ,
তারলাই,
নামিলি,
গলাৎ,
নামিবু,
মিডার,
লঅগ,
আইঅ,
ফেলাইদে,
সদাগর,
অদ্দে,
ধনর,
কাতর,
চর,
দুঃখ,
ন-যার,
সর্বকাল,
থানার,
ডাহদ্দি,
কানাও,
ন-আঁডে,
হানাও,
হারাত্ম,
হারাঅ,
থোথা,
ভোথা,
থানর,
মাল,
থান,
তান্নাম,
আমানৎ,
থৈলা,
ডেকসি,
রান,
থৈলের,
থৈলেৎ,
আঁডে,
লাথির,
ভারাল,
ফাডে,
থোরা,
খঅ,
যুদি,
চঅ,
দাসরে,
থাবা,
মইশরে,
ছইঅরে,
বউঅরে,
দেহায়েদে,
রানর,
হাবায়েদে,
মরিচচুরা,
দেশৎ,
যেইগান,
তোয়ার,
এইগান,
যিইয়েন,
ইয়েন,
দাড়ি,
উডিবের,
কাজি,
দুক্কে,
দু,
লা,
গজঅন,
দুক্কর,
ন-ফুরায়,
দেইৎ,
হাঁইটতে,
ভেঁআয়,
ভেঙ্গায়অ,
দয়া,
মায়া,
কাঁদে,
আদ্ধান,
পৈছার,
আঁইট্যা,
পরান,
ন-দে,
পয়সার,
দুইন্যার,
পোন,
এহন,
সাধু,
সাজঅন,
অইয়েদে,
অনসাধু,
দুউয্যা,
বালিশ,
রাতিয়া,
চলিস,
দাঁত,
দাঁতের,
কদর,
ন-বুঝঅন,
রাজি,
যিঅৎ,
খোদা,
হিঅৎ,
ইঅত,
দেইখ্যা,
ঘরের,
বাঁদী,
আনদেইখ্যা,
কেলা-চিরন,
দিৎ,
পাইল্লে,
ন-পাইল্লে,
শালা,
নাঅৎ,
মরণ,
দাঅর,
তলর,
দইন,
দুয়ারে,
দাঅতুন,
ডাট,
৬অর,
দোওইন্না,
দিলিঅ,
দুষ্ট,
পালনত্তন,
হাইল্লা,
গোয়াইল,
খাইল্লা,
দোস্ত,
ঘনাইয়া,
কথাদি,
পাশে,
উয়ারত,
লাগন,
দুশমনি,
আছিল,
গইততু,
ভোডত,
থিইয়েই,
গরাই,
দঅ,
বন্ধুত্ব,
ভাইংতে,
টেয়া,
দুউরি,
জায়,
চচ্ছরায়,
ইয়াততুন,
জনে,
মিলিলে,
একজন,
পঅল,
আঁড,
সম্পৎ,
বাঁড,
দিনর,
দুঅরে,
ডাহাতি,
দিনেকালে,
ভাউও,
বেং,
বাঁদি,
বেডি,
মন্দ,
ভুলি,
বেচি,
মদ,
দেইলি,
দেইত,
পারস,
তাইত,
ধান্নো,
মরিচের,
আইনতঅ,
আনন্,
হইলি,
ধঅইয়ার,
আগঅদি,
মারৈয়ার,
পিছঅদি,
ধলঘাইট্যা,
বঅন,
গৌঁছে,
ধইন্নায়,
নিধইন্নার,
মত্তন,
ধন,
বেইল,
আঁডি,
যা,
বইলাম,
পুইছে,
বইথাম,
ভুগে,
হঅরার,
হইতাম,
নিন্দেদে,
ফুল,
ফিন্দে,
ভিডাত,
পরর,
কানাকানি,
নাচো,
কাচো,
বার,
নোঁয়া,
বাঁঅরী,
রং,
পুরান,
ঢং,
বিষ,
খাইতঅ,
দিশ,
নাঠা,
মাতে,
জইন,
নাক,
বালির,
সখ,
চঅনা,
হত,
ঠঅক,
বুঝচ,
আক্কা,
বাক্কা,
সূর্যরে,
ক,
স,
গাড়ির,
চাক্কা,
মউতুন,
মউ,
নাচিৎ,
জাইলে,
উডান্‌,
বেঁয়া,
নরম,
বিবির,
খড়ম,
ন-লরে,
সোয়াইগগা,
নাচন,
মৌগ,
ঝাঁড়া,
নরমর,
পৌন,
অক্কলে,
ওঁরে,
ছাগলেও,
দিয়ে,
মাড়ায়,
নিজঅর,
ছল্লায়,
হাভাত,
ফোয়ারে,
চাঙ্গত,
রাইয়,
হতিনের,
পোয়ারে,
দিই,
ধরায়,
অতিনর,
সাপ,
ইডার,
আনে,
থঅনর,
আনঅর,
নিজঅরতে,
তোল্‌ল্গই,
মামারত,
তোয়াগই,
খোঁজগই,
ফাইটে,
পোঁন,
যত,
তত,
পরঅর,
খাবাও,
ডেলা,
আতাই,
সেলাম,
পুঁই,
ন-চাই,
আঁইতল,
গন্ধ,
হুই,
অর,
তারউর,
হাঁচফুক,
মাগঅর,
এরেন্ডাঅ,
পলায়,
হলায়,
নির্ধনী,
ঢিবি,
হাপুতিয়া,
ডাকিডাকি,
নিদানর,
বীজধান,
নিতি,
গরবার,
নিতুতি,
ফোঁয়াদ,
দরর,
কাছদিঅ,
ন-যঅন,
বাঘ,
কুইর,
হোয়াল,
সিঁদুর,
গোলাভরা,
উঁদুর,
কোয়াল,
নোয়া,
মুছলমান,
গরু-খঅইন্যার,
ন-দিলে,
ঘিঅ,
মেডি,
বিদেশ,
রাজার,
ফোয়াও,
বাআনেজ,
চরায়,
জগন্নাথ,
আঁইডে,
পাত,
আথাইল,
ছুঁই-ন,
চাই,
পঅলেও,
জগৎঅ,
অইননার,
ন-ডইললে,
চাইল,
নিমকহারামি,
পরঅরে,
আইদ্য,
ফথৎ,
নোয়া-নোয়া,
উডিলে,
আতায়-আতায়,
পিডে,
মিডে,
পুআর,
আতথ,
বিস্কুট,
মা-র,
পঅর,
ন-থাহন,
ট্যাংঅর,
পয়সা,
অউরির,
মঅতথ,
হাইলি,
সয়,
গাদি,
ভাতঅরে,
হয়দে,
হারামজাদি,
পাঁড়ারে,
পাঁডি-এ,
আঁসে,
পাঁড়ায়,
তোরল্লাই,
মগধেশ্বরী,
পঅলর,
ছিন্নি,
নাইতার,
বরকি,
পুংডা,
মাগির,
গোঁয়াডা,
পোয়াহালে,
পাইলাম,
লাড়িচাড়ি,
পইরতাম,
বুড়াহালে,
বেড়াইতোড়াই,
মইরতাম,
নষ্ট,
হাঁডে,
ঘাড়ে,
পাঁচ্চুয়া,
আঙ্গুল,
পাঁচুয়া,
মানুষঅ,
অল,
গীত,
মানে,
খালি,
পোয়াছা,
ফেলি,
পাতঅর,
কারি,
পানিভাতৎ,
বাপঅর,
বাড়িৎ,
পোঁচা,
অউকেও,
ইউকেও,
মুত,
আইয়ে,
হতিন,
রিশ,
আশ,
বনর,
ঘাস,
শুয়রর,
ভইন,
ছিডিলে,
কুড়ইল,
মাইরলে,
বিয়াইলাম,
দিলাম,
জামাইরে,
ছিড়া,
ভাতর,
মতো,
খালাক,
কমা-র,
ন-অইলি-যে,
খাবাবি,
পোঁদদি,
আছাইচ্ছা,
মাদার,
পাইটটাইলল্যা,
পাডিত,
পুতে,
পইর,
ছানি,
মাথার,
উর,
বঅড়,
ধরঅ,
ধনদি,
ফোদ্দারি,
পাঁচখাইন্না,
পাঁচগাইট্টা,
রইন্ন্যাঅলা,
ডেম,
ফোঁড়া,
ঢেঁইদি,
গালন,
ভিডাৎ,
জরিপ,
মাপ,
বাপরে,
ছুরিয়ে,
অন্দুরে,
ভোক,
মুখৎ,
লাজ,
পিছ,
মিছ,
পৌঁদে,
পুতরা,
ধুতুরা,
বেয়াই,
রসঅর,
ঢেঁইঙ্গা,
রাখা,
বেহাই,
পোয়াইত্তে,
কিনে,
মুতৎ,
খঅন্,
হাতৎ,
বুড়ার,
দিব,
পিডঅত,
দিবু,
জিনিস,
বিদায়,
পুগের,
ধনু,
পছিমে,
আইল্লার,
লাঙ্গল,
ফানিত,
ভাঁসে,
পুউদির,
ধনু-এ,
পচিমের,
গর্ত,
কুঁইরলে,
নিজেও,
সেই,
গর্তে,
মইরলে,
হুনে,
আচারো,
মাসে,
গনে,
ছেফরেঅ,
ডর,
পথৎ,
মানা,
উতর,
ঘষাঘষিত,
মরিচঅর,
জীবন,
পাঅর,
জোতা,
রুপার,
বিয়াঙ্গুনে,
জরা,
ন-বডে,
চলে,
অতিন,
রীষ,
পাপঅর,
ফোঁজা,
ফুন,
বইলতে,
গদ্দানা,
গিঅই,
ফুন্দত,
তেনা,
মিডাদি,
বাত,
লুডা,
দৌড়াদৌড়ি,
থাকিলে,
জিলাপি,
আগন,
মুখত,
হাইতে,
মজা,
চাইতে,
ফুয়াদল্লাই,
ছাড়িত,
ফারির,
কেঁডাল্লাই,
ফুরা,
আমিরাবাত,
ফাঁড়া,
বাঁশত,
বিচি,
ফুউনির,
নাওএ,
পঅরি,
পহরি,
ফুয়ানা,
উল্ডাইলেঅ,
বাস,
ধায়,
ভাইর,
লঙ্গন,
ফেডত,
শাক-মুন,
দিয়অ,
হৈবার,
ঝোলা,
কাঁধৎ,
ন-চিনি,
টাল,
ফোয়াদর,
ফোড়া,
হাফোয়াদর,
গোডা,
ফোতা,
ফাডাই,
দিয়ম,
ফুইচর,
পোদদি,
কুরৈল,
চালান,
ফেঁঝাত,
ফেঁঝা,
আটকে,
ফঅনা,
ধানৎ,
আফটা,
ফলর,
ফডত,
ফিড,
ওদিলা,
মাথাত,
ঘোঁডা,
ফোঁন্দত,
শিল,
বাঁধিলেঅ,
ভর,
হইস,
ফুইন্নছ,
নি,
হইয়ে,
ফলে,
গাছর,
ফাঁনির,
দরে,
ইলিশ,
ফুসফুসনি,
গুছগুছনি,
ব্যকগুনর,
বাহা,
শীতে,
মাছে,
বদনাম,
পাঁইসসের,
বাছিলে,
অত,
নাড়িলে,
বাঁস,
বিদেশিদের,
নারী,
ফ্যাশনের,
কুইল্লে,
গাই-এই,
জাতের,
কোনো,
বিশ্বাস,
বাইন্ধে,
চুলে,
পিন্ধে,
হরে,
মউত,
কড়ে,
কিনি,
হাঁচা,
লাভ,
বেরায়,
আতা,
বিয়ার,
যোগায়,
বানঅন,
তুননত,
হষ্ট,
মহিমা,
হইয়ম,
মাইজ্জা,
বউঅর,
আতত,
হরা,
হদাই,
গুশটি,
মরা,
কোছত,
গুশটির,
পরাণ,
বৈরাঅ,
বদনাইম্যার,
বিয়াইলেঅ,
বিদেইশৃশার,
পিরিতি,
দুউইরগার,
ডাহাাতি,
দুউইয্যার,
বৌয়ে,
ঝিয়ে,
টানমান,
বসঅর,
পাদঅ,
বাহায়,
রৈদে,
বাঅরে,
ফুডানি,
ঘঅরত,
চুলাত,
গললাইদি,
মাইনসুর,
চৌগর,
বাঁদিএ,
শিখে,
বিবিয়ে,
ঠুনি,
বাঁদির,
সুলতান,
খাঁ,
আরাকান,
ধইল্লা,
হাঁডু,
ন-খাইতে,
মনঅর,
ঘাঁড়া,
দূর,
বাইন্ন্যার,
টুগুর,
টাগুর,
কামাইয্যার,
বন,
পোড়া,
বেঅগুনে,
ন-দেখে,
থঅনতুন,
বেগার,
খাডন,
ভান্ডারেঅ,
ন-কুলায়,
কথাত,
যোয়ানর,
সার,
চিতহই,
পড়ি,
চগুই,
মারা,
বলীর,
ঘাম,
নির্বলীর,
বেইন্নার,
গরবা,
আজইন্নের,
বাঁআলর,
ঘি-ভাত,
ন-সয়,
নিবাইলে,
মায়েলা,
সোন্দর,
মনর,
চুঁইলে,
আচারঅ,
পোলিশে,
ছততিরিশ,
বিলাইরে,
চৈ,
বাঁদররে,
পস্কি,
দিইলে,
কাঁধত,
ওডে,
লাগাই,
পাডি,
পরিরৈএ,
বৈউইন্যা,
উডান,
ফুরঅন্যা,
ছপ,
বেআক্কলরে,
আক্কলদাররে,
আরও,
বয়,
বাইন্না,
কানঅর্,
সোনাঅ,
বাঁদঅর,
হৈলেঅ,
বাঁয়,
মৈষে,
ন-ফাডে,
বিপদত,
পইরল্যে,
বন্দা,
হাজার,
শিন্নি,
বিপদেত্যুন,
কিচ্ছু,
বাইন্‌নার,
ধন্যা,
বেচন,
ব্যাংয়র,
কীঅর,
সদ্দি,
গম্মি,
মরক,
চালা,
ফাডক,
বাত্তির,
বাপকা,
বেটা,
সিপাইকা,
বুদ্ধিতে,
ঘটে,
কেঅয়র,
হঙ্গে,
বাঘঅর,
বারঅ,
বছঅর,
বড়অর,
ন-লড়ে,
গজর,
ন-পড়ে,
বককর,
চককর,
ন-গইরযঅ,
বাঅরদি,
লতি,
আঁডায়,
বুইজ্জা,
দাদারে,
চোদাইন্না,
শিখরদ্দে,
হাইকোর্ট,
দেখদ্দে,
মইধ্যে,
চিলর,
বাআ,
বাইট্যা,
ন-দের,
হাতি,
ন-গরে,
দেইকখুছ,
ভেঁয়ডি,
দেখস,
পোঁদৎ,
কেশ,
পুতঅর,
চাবা,
বাড়া,
ভাইঅর,
কোলত,
চাইলাম,
ভাঁয়া,
ডেরা,
বাতাসঅর,
অজম,
বুইরগ্যা,
কুইরগ্যাততুন,
গইযযাই,
গইরগাই,
দইরগাত,
পইরগে,
বুইজ্যা,
কুইজ্যাততুন,
দইযযাত,
বুরা,
চোবা,
বেঁচে,
সেয়ান,
বেল,
ফাগিলে,
হাওয়োর,
খামার,
বিদ্দেনাশ,
হাশানি,
ন-শিখেইছ,
চুদঅন,
বন্ধক,
রাখি,
হাইবু,
খানা,
ট্যাং,
গাতত,
ভাইএ,
চাঁচে,
ওঁচা,
ভইনে,
মোচা,
ভাইপুতঅর,
মোলা,
ভাবির,
ভাইস্য,
পান,
কিনতঅ,
কুতুবদিয়া,
হাউয়ার,
অভাব,
ভেউরার,
বাআত,
ঢেইং,
ন-মারিছ,
ভাদ,
মাইস্যা,
নানকা,
ভাইস্যে,
ভাইযযা,
অভাইযযা,
বাইরগ্যা,
ভাগ্যিত্যার,
ফাহাড়র,
উয়াদ্দি,
অভাগ্যিত্যার,
দরিয়াত,
ভায়,
উয়াইস্যার,
পরবাইস্যার,
ভিজাইলে,
কেথা,
ভুখারে,
দিও,
তিরাশিরে,
লেনডারে,
হঅর,
আখেরের,
নিশানি,
ভালার,
খারাপঅর,
নহয়,
বইও,
অমাইনষর,
ফরিঅ,
পড়া,
গেইলযে,
আলায়অ,
আলার,
কেয়ই,
ন-গরে।ভরাত,
ভরঅন,
ভাইগঅ,
হোয়ালত,
ঠেলে,
ছাতি,
হুদাঅ,
রচে,
ভেউরায়,
হঅরাইলে,
বুড়াঅ,
বেহার,
ভেরা,
বানাই,
রাহন,
ডাইঅর,
কুঁচ্চি,
ধরন,
ভাইরগা,
দঅন্,
খাবাইলঅ,
ঢেউয়া,
খালর,
আল্লায়,
বানাইয়ে,
পাক্কা,
রাঁধনী,
মানঅলার,
ছইগাছ,
তলাৎ,
গেলেও,
মিডের,
পিড়েয়,
মুইচ,
মেজ্জাইন্যা,
চু,
মহাজনর,
কুঁজ্জা,
পোয়াততুন,
হাইললার,
হাম্মো,
বউত,
কাম্মো,
মোশরির,
বাআদ্দি,
টাইনলে,
খরায়ইব,
হরাইব,
কচু,
কুইটতঅ,
ঝি-এ,
রাইনতঅ,
আক,
ঘাঁইটতঅ,
গেইয়ে-যে,
কোর্মা,
রাইন্তঅ,
বরলে,
অরলে,
ফেনায়,
কানায়,
বাদশা,
মাইয়ালার,
বেইস্যা,
মরদ,
কানত্,
রানত,
বুকত,
এইগিন,
অইলদে,
শকুন,
উরের,
হক্কুন,
ন-চিনে,
মাইন্সে,
কাল,
বিপদ,
সাত-আত,
পরানত,
বাঁচি,
থঅন,
মাগা,
দুধে,
ন-বাঁচে,
মুলা,
তোলর,
বায়ন,
তোল,
মোয়াপর,
দেওন,
দউর,
মসৈদ,
লঅতিক,
মাইরঅ,
রে,
চুষিলে,
দুইন্নাই,
বশ্,
মাছঅর,
পোঁচন,
মাথাতুন,
শুরু,
পচন,
নলই,
উইনর,
ডরে,
ন-শুই,
ফিইরের,
মৈষঅর,
চালি,
পেলন,
মাহড়র,
ডইল্লে,
চুঁই,
প্রমাণ,
গাইঅর,
মতন,
ডাইন,
বাঁ-আত,
বইন,
মাতুনঅ,
বাপর,
ফু,
রু,
পাতত,
শোক,
মুকত্,
মৈইরলে,
তালৈ,
আকলে,
বাকলে,
মেডিতুনঅ,
পানিতুনঅ,
মক্কা,
বৌৎ,
মাইরলেঅ,
ঝাডা,
ন-ছাড়ে,
ঘাড়া,
ন-ভরে,
মুখঅ,
ঝাঁডা,
আতঅ,
মাইল্লা,
পিরা,
মইষর,
ব্যাঁয়া,
শিং,
মাইরতার,
ওজু,
মও,
ভাইনা,
যিঅত,
হকক্ল,
হিঅত,
আইয়নে,
যঅনে,
লেঅনে,
ফোছনে,
ভূত,
মরারে,
মোশা,
মাইত্তে,
কামান,
দাগন,
মতলবর,
মাইলে,
বরাবর,
মাইনলে,
মুক,
আইয়ন,
মাগিলে,
ঘোড়াত,
মাইগ্‌গম,
হরাত,
লইলে,
দোতালাতুন,
লইয়ম,
অরাত,
মতে,
মর্কেলা,
মনে,
মনকেলা,
পুয়ায়,
আঁডনে,
ঘাডনে,
হুয়ায়,
মুইত্তে,
ন-ধৈল্লে,
দুউরাই,
ধরিত,
পারন,
মইষরে,
ভূঁইয়রে,
মক্কার,
হজ,
ন-ফায়,
মানি-এ,
গুনে,
ভুঁই,
গুণে,
মেইয়োফোয়া,
কুড়ি,
মরিচ,
বাইট্টে,
ফুরের,
কেনে,
নেকর,
ধরইন্নের,
ভাগ,
ভুল,
ধরইন্নেরঅ,
বাফরে,
কুমিরে,
হাইয়ে,
ডরাই,
এ-কুঁরির,
ফুন্দে,
উড়নি,
লামনি,
যাদ্দে,
আইয়েদ্দে,
বেয়া,
যাত্তে,
ভাইগ্যার,
শশী,
বসি,
বিয়ে,
আরাইললা,
পারাইললার,
যেতে,
দেনঅ,
নাইত্বার,
হেতে,
নূর,
মুড়াৎ,
মুড়া,
ওঁচল,
যিয়ৎ,
বাঘর,
ভয়,
কালি,
হোয়ালৎ,
ছালি,
হালি,
যেএডে,
ন-ভিজে,
হোল,
এডে,
দেরদে,
হামজার,
পোল,
নালে,
উৎপত্তি,
বিনাশ,
বুঝাইত,
হতে,
ফোঁচে,
হোঁসে,
যাতুন,
দম,
ন-ঠাইরগ,
কিউর,
বেথা,
মহাশয়,
ফোন্দে,
কুরিল,
চলন,
সুজন,
নজন,
কুজন,
বঅরে,
কুঁইরে,
খাইয়ে,
ঘরপোড়া,
সিঁদুরয্যা,
দেইলেঅ,
ভরায়,
পাথত,
হাগে,
এ-তিনজন,
আফন,
দেশত,
দেশঅত,
কুয়াঅ,
সাগর,
রসিক,
টাউট্যাও,
নাগর,
নছিবে,
হোন্দের,
তলঅদি,
আসিবে,
ফোন্দের,
উইথ,
বঙ্গ,
ভাও,
বঅ,
গৈল্লাম,
তেঅ,
যাল্লাই,
তেওঅ,
জিব্বার,
নারীর,
সোয়ামির,
ছমাসের,
হায়াত,
ছ'দণ্ডে,
ফুরায়,
গোসল,
চুলের,
সোয়ামি,
বিদেশত্,
যেতের,
ইতের,
ভাতঅ,
ইতা,
মেজ্জানতঅ,
যিতেরে,
বোলে,
হেতেরে,
ঢোলে,
ইতেরে,
হঅইর,
শঅর,
যেএন,
এএন,
চোয়ার,
যিয়ত,
রাইত,
ইয়ত,
হাইত,
কাইত,
বাঁডি,
ভাগৎ,
শ,
যুদা,
মঅত,
যেডে,
ঘাঁডপান,
যাচিলে,
শেষে,
তোয়ায়,
মারক,
রাগ,
গইল্লে,
আরায়,
নাইদে,
কুরিয়েও,
রাজারো,
আলসিয়া,
দেহাই,
ছমাস,
মাস,
ভারঅন,
রাডঅর,
চাইয়েরে,
হাঁইদা,
ফল,
দেইখতে,
বক্কর,
বেএডাই,
উডে,
রুইলে,
ঘাইট,
ন-রুইলে,
আশি,
আইট,
রোয়াই,
রোঁয়াই,
ন-পাইলে,
উইত্তল,
কোঁচা,
উইততলের,
ছাতা-মাতা,
রোয়াইর,
রতনে,
রতন,
শুয়রে,
ফোয়াইলে,
ন-জোরে,
রতর,
লুরির,
পুআ,
ভিক্ষা,
চার,
ন-হাইলে,
ন-পাগে,
লাভে,
লোআ,
অলাভে,
ফোলাঅ,
ন-বয়,
তুলঅ,
লালকুত্তা,
লুতা,
লাশ,
খুনত,
দাহিল,
লেডার,
বেয়াগর,
ভাবী,
লারি,
উনাই,
পরের,
লাডঅর,
ফোয়াহালাইয়া,
ফিডা,
লাংচোরা,
করবৈত্যা,
লাজঅর,
পাআন,
লারিচারি,
তেরঅ,
লেয়াপড়া,
চাঁইচ্ছে,
ঢেঁইর,
লেবুরে,
চিবিলে,
নেঅলে,
লাগি,
মাগি,
ন-হায়,
দেএই,
ফাল,
ন-দিও,
লইট্টে,
ফোঁচা,
অইগেইয়ি,
লরি,
অদঅত,
ইল্লাল্লাহ,
মদঅত,
শরমতুন,
ফোঁদত,
দাআরা,
শঅন,
মাইসসা,
বাআর,
হাউঅ,
লড়ে,
আডালি,
শরীলন্নাম,
তা-ই,
ভাঁই,
হারুল,
অঅন,
ষোলো,
বাজাই,
চৌইদ্দ,
নইদ্দো,
অইদ্দবানে,
সাধিলে,
রাননা,
আনুনিঅ,
গম,
সোআগ,
বাআই,
ফরের,
সোহাগ,
তেইল্যা,
চোরাজ,
সূর্যতুন,
বালু,
রাঁধে,
হদু,
হদুর,
বাখানি,
গামছা,
ফিদি,
লামি,
বাঁচেনি,
কদু,
কাপড়,
স্ত্রী,
ঠ্যাংঅর,
বেড়ি,
ছাড়িলে,
এ-জঞ্জাল,
সভাব,
ধুইলে,
সুদখোর,
মদখোর,
সাইজতে,
ধেইচ্ছঅ,
রাজা,
সুজনর,
আঁডিলে,
বাট্টার,
কুজনর,
সেফ,
তিরাস,
সারেং,
ফুউনি,
দরগা,
এ-তিননানে,
চাঁটিগা,
ফাবা,
সোম,
শুকুরে,
রোয়,
বুধ,
বিশুদে,
ঘরত,
ঘুরি,
হাম্বা,
সামনঅদি,
মাছি,
উরিইতো,
ফিছদি,
কুইশ্যাল,
ক্ষেতি,
সেয়ানাকে,
সেয়ানা,
খাইবিনি,
সেয়াইন্না,
ছুইল্যা,
আছেনি,
রাইতর,
পোয়াত্তের,
কিলেই,
মৈর্জ্জম,
পোঁহাইত্তার,
মৈর্গম,
মাইললেঅ,
ফোডা,
লউ,
ফুতঅর,
বনে,
বাসা,
করে,
আশা,
হাওয়ো,
ঘাওয়ো,
হাওয়োই-এ,
বগার,
আডা,
বাইজ্জে,
অঠাত,
উডি,
গদার,
হঠাত,
হান্দিলি,
য়া,
হাসর,
ওম,
নাতুমতুম,
হড়ে,
আদিনাথর,
ফা,
হাইল্লে,
ঠিল্লে,
হামর,
হুইনলে,
খেতা,
হোতে,
ফুনিলে,
বুইরগা,
কামের,
ফুইনলে,
হন্ডে,
ইয়াহিয়া,
কিলি,
গইত্তঅ,
আইত্তঅ,
হামরগায়,
চলের,
ফাতেনি,
আলুগুলা,
আগরতলা,
ছইর,
তলা,
হামাইয়ে,
বুলান,
হাম্মঅ,
হডে,
চন্দ্রনাথের,
হানত,
মেডা,
দিইয়ুস,
হাওয়োই,
কেঁয়ারার,
আইলত,
চিরে,
ফজল,
কাদের,
লাদের,
কুইলর,
পোঁদের,
জমিনুর,
পিছনে,
ফাইস্যার,
হগগল,
ফাঁঙ্গাইস্যার,
ঘাঅৎ,
নুনর,
ছিডা,
গুজা,
খুকুর,
কাশে,
ফুকুর,
হারাদিন,
হাজারী,
আইট্টা,
পানর,
বিড়া,
মাঝে,
ফুঁচা,
ননদিনী,
তেইঅ,
খুঁচা,
ভাইয়র,
মামুর,
ভাইনি,
গায়ের,
গরমে,
ন-মানের,
হাইল্লার,
লগে,
বাইল্লার,
শালিকের,
বাবুই,
হউস্যা,
বরই,
ন-খাইঅ,
হসে,
ন-লইঅ,
বিচা,
ঢুলিব,
হেঁডাম,
জাফইজ্জা,
জোয়াইজ্জা,
হুজুররে,
থইক্কারে,
মস্ত,
বাপ-ভাই,
হাঁআর,
অঁত্তত,
আগানি,
বাঘঅরে,
ন-ডরায়,
হাগানি,
হাঁরিত,
পারির,
মুল্লুক,
হাঁইরত্তাম,
যাইর,
অরিপে,
হরিপে,
হাভাইততার,
আচার,
সেরে,
হাভাইততায়,
বায়-পুতে,
হাইল্যা,
মেয়ালাঅ,
হোঁশঅর,
হুরুরাই,
ডুরুরাই,
আইসঅ,
সুসাঁথে,
পৌছঅক,
হাঁছি,
নিশি,
অদভুত,
ত্রাহিরাম,
যমর,
দূত,
গৈরতে,
হাঁওলা,
ঐল,
মাছও,
ফালায়,
বোয়াল,
দাইকা,
হৈল,
অকুমুর,
দোয়ায়,
হুকুমুর,
হইজ্জা,
তুয়াদ্দে,
হরো,
ভরো,
পুঁইছে,
চালুনিরে-,
ফোঁন্দতকা,
ছ্যাদা,
হুইছে,
ওশ,
খঅরাপ,
হোঁশ,
