num,sentence,ipa
0,শূন্য, ʃunno
1,এক, æk
2,দুই, d̪u͡i̯
3,তিন, t̪in
4,চার, car
5,পাঁচ, pãc
6,ছয়, cʰɔʲ
7,সাত, ʃat̪
8,আট, at
9,নয়, nɔʲ
10,দশ, d̪ɔʃ
11,এগারো, ægaro
12,বারো, baro
13,তেরো, t̪ero
14,চৌদ্দ, co͡u̯d̪d̪o
15,পনেরো, ponero
16,ষোলো, ʃolo
17,সতেরো, ʃɔt̪ero
18,আঠারো, atʰaro
19,উনিশ, uniʃ
20,বিশ, biʃ
21,একুশ, ækuʃ
22,বাইশ, ba͡i̯ʃ
23,তেইশ, t̪e͡i̯ʃ
24,চব্বিশ, cobbiʃ
25,পঁচিশ, põciʃ
26,ছাব্বিশ, cʰabbiʃ
27,সাতাশ, ʃat̪aʃ
28,আঠাশ, atʰaʃ
29,উনত্রিশ, unot̪riʃ
30,ত্রিশ, t̪riʃ
31,একত্রিশ, ækot̪riʃ
32,বত্রিশ, bɔt̪riʃ
33,তেত্রিশ, t̪et̪riʃ
34,চৌত্রিশ, co͡u̯t̪riʃ
35,পঁয়ত্রিশ, põʲt̪riʃ
36,ছত্রিশ, cʰɔt̪riʃ
37,সাঁইত্রিশ, ʃãit̪riʃ
38,আটত্রিশ, att̪riʃ
39,উনচল্লিশ, unocolliʃ
40,চল্লিশ, colliʃ
41,একচল্লিশ, ækcolliʃ
42,বিয়াল্লিশ, biʲalliʃ
43,তেতাল্লিশ, t̪et̪alliʃ
44,চুয়াল্লিশ, cuʲalliʃ
45,পঁয়তাল্লিশ, põʲt̪alliʃ
46,ছেচল্লিশ, cʰecolliʃ
47,সাতচল্লিশ, ʃat̪colliʃ
48,আটচল্লিশ, atcolliʃ
49,উনপঞ্চাশ, unopɔncaʃ
50,পঞ্চাশ, pɔncaʃ
51,একান্ন, ækanno
52,বায়ান্ন, baʲanno
53,তিপ্পান্ন, t̪ippanno
54,চুয়ান্ন, cuʲanno
55,পঞ্চান্ন, pɔncanno
56,ছাপ্পান্ন, cʰappanno
57,সাতান্ন, ʃat̪anno
58,আটান্ন, atanno
59,উনষাট, unʃat
60,ষাট, ʃat
61,একষট্টি, ækʃotti
62,বাষট্টি, baʃɔtti
63,তেষট্টি, t̪eʃotti
64,চৌষট্টি, co͡u̯ʃotti
65,পঁয়ষট্টি, põʲʃɔtti
66,ছেষট্টি, cʰeʃotti
67,সাতষট্টি, ʃat̪ʃɔtti
68,আটষট্টি, atʃɔtti
69,উনসত্তর, unʃɔt̪t̪or
70,সত্তর, ʃɔt̪t̪or
71,একাত্তর, ækat̪t̪or
72,বাহাত্তর, bahat̪t̪or
73,তিয়াত্তর, t̪iʲat̪t̪or
74,চুয়াত্তর, cuʲat̪t̪or
75,পঁচাত্তর, pɔ̃cat̪t̪or
76,ছিয়াত্তর, cʰiʲat̪t̪or
77,সাতাত্তর, ʃat̪at̪t̪or
78,আটাত্তর, atat̪t̪or
79,উনআশি, uno͡a̯ʃi
80,আশি, aʃi
81,একাশি, ækaʃi
82,বিরাশি, biraʃi
83,তিরাশি, t̪iraʃi
84,চুরাশি, curaʃi
85,পঁচাশি, pɔ̃caʃi
86,ছিয়াশি, cʰiʲaʃi
87,সাতাশি, ʃat̪aʃi
88,আটাশি, ataʃi
89,উননব্বই, unonobbo͡i̯
90,নব্বই, nɔbbo͡i̯
91,একানব্বই, ækanbbo͡i̯
92,বিরানব্বই, biranɔbbo͡i̯
93,তিরানব্বই, t̪iranɔbbo͡i̯
94,চুরানব্বই, curanɔbbo͡i̯
95,পঁচানব্বই, pɔ̃canbbo͡i̯
96,ছিয়ানব্বই, cʰiʲanɔbbo͡i̯
97,সাতানব্বই, ʃat̪anobbo͡i̯
98,আটানব্বই, atanbbo͡i̯
99,নিরানব্বই, niranɔbbo͡i̯
100,একশ, ækʃo
101,এক শত এক, æk ʃɔt̪o æk
102,এক শত দুই, æk ʃɔt̪o d̪u͡i̯
103,এক শত তিন, æk ʃɔt̪o t̪in
104,এক শত চার, æk ʃɔt̪o car
105,এক শত পাঁচ, æk ʃɔt̪o pãc
106,এক শত ছয়, æk ʃɔt̪o cʰɔʲ
107,এক শত সাত, æk ʃɔt̪o ʃat̪
108,এক শত আট, æk ʃɔt̪o at
109,এক শত নয়, æk ʃɔt̪o nɔʲ
110,এক শত দশ, æk ʃɔt̪o d̪ɔʃ
111,এক শত এগারো, æk ʃɔt̪o ægaro
112,এক শত বারো, æk ʃɔt̪o baro
113,এক শত তেরো, æk ʃɔt̪o t̪ero
114,এক শত চৌদ্দ, æk ʃɔt̪o co͡u̯d̪d̪o
115,এক শত পনেরো, æk ʃɔt̪o ponero
116,এক শত ষোলো, æk ʃɔt̪o ʃolo
117,এক শত সতেরো, æk ʃɔt̪o ʃɔt̪ero
118,এক শত আঠারো, æk ʃɔt̪o atʰaro
119,এক শত উনিশ, æk ʃɔt̪o uniʃ
120,এক শত বিশ, æk ʃɔt̪o biʃ
121,এক শত একুশ, æk ʃɔt̪o ækuʃ
122,এক শত বাইশ, æk ʃɔt̪o ba͡i̯ʃ
123,এক শত তেইশ, æk ʃɔt̪o t̪e͡i̯ʃ
124,এক শত চব্বিশ, æk ʃɔt̪o cobbiʃ
125,এক শত পঁচিশ, æk ʃɔt̪o põciʃ
126,এক শত ছাব্বিশ, æk ʃɔt̪o cʰabbiʃ
127,এক শত সাতাশ, æk ʃɔt̪o ʃat̪aʃ
128,এক শত আঠাশ, æk ʃɔt̪o atʰaʃ
129,এক শত উনত্রিশ, æk ʃɔt̪o unot̪riʃ
130,এক শত ত্রিশ, æk ʃɔt̪o t̪riʃ
131,এক শত একত্রিশ, æk ʃɔt̪o ækot̪riʃ
132,এক শত বত্রিশ, æk ʃɔt̪o bɔt̪riʃ
133,এক শত তেত্রিশ, æk ʃɔt̪o t̪et̪riʃ
134,এক শত চৌত্রিশ, æk ʃɔt̪o co͡u̯t̪riʃ
135,এক শত পঁয়ত্রিশ, æk ʃɔt̪o põʲt̪riʃ
136,এক শত ছত্রিশ, æk ʃɔt̪o cʰɔt̪riʃ
137,এক শত সাঁইত্রিশ, æk ʃɔt̪o ʃãit̪riʃ
138,এক শত আটত্রিশ, æk ʃɔt̪o att̪riʃ
139,এক শত উনচল্লিশ, æk ʃɔt̪o unocolliʃ
140,এক শত চল্লিশ, æk ʃɔt̪o colliʃ
141,এক শত একচল্লিশ, æk ʃɔt̪o ækcolliʃ
142,এক শত বিয়াল্লিশ, æk ʃɔt̪o biʲalliʃ
143,এক শত তেতাল্লিশ, æk ʃɔt̪o t̪et̪alliʃ
144,এক শত চুয়াল্লিশ, æk ʃɔt̪o cuʲalliʃ
145,এক শত পঁয়তাল্লিশ, æk ʃɔt̪o põʲt̪alliʃ
146,এক শত ছেচল্লিশ, æk ʃɔt̪o cʰecolliʃ
147,এক শত সাতচল্লিশ, æk ʃɔt̪o ʃat̪colliʃ
148,এক শত আটচল্লিশ, æk ʃɔt̪o atcolliʃ
149,এক শত উনপঞ্চাশ, æk ʃɔt̪o unopɔncaʃ
150,এক শত পঞ্চাশ, æk ʃɔt̪o pɔncaʃ
151,এক শত একান্ন, æk ʃɔt̪o ækanno
152,এক শত বায়ান্ন, æk ʃɔt̪o baʲanno
153,এক শত তিপ্পান্ন, æk ʃɔt̪o t̪ippanno
154,এক শত চুয়ান্ন, æk ʃɔt̪o cuʲanno
155,এক শত পঞ্চান্ন, æk ʃɔt̪o pɔncanno
156,এক শত ছাপ্পান্ন, æk ʃɔt̪o cʰappanno
157,এক শত সাতান্ন, æk ʃɔt̪o ʃat̪anno
158,এক শত আটান্ন, æk ʃɔt̪o atanno
159,এক শত উনষাট, æk ʃɔt̪o unʃat
160,এক শত ষাট, æk ʃɔt̪o ʃat
161,এক শত একষট্টি, æk ʃɔt̪o ækʃotti
162,এক শত বাষট্টি, æk ʃɔt̪o baʃɔtti
163,এক শত তেষট্টি, æk ʃɔt̪o t̪eʃotti
164,এক শত চৌষট্টি, æk ʃɔt̪o co͡u̯ʃotti
165,এক শত পঁয়ষট্টি, æk ʃɔt̪o põʲʃɔtti
166,এক শত ছেষট্টি, æk ʃɔt̪o cʰeʃotti
167,এক শত সাতষট্টি, æk ʃɔt̪o ʃat̪ʃɔtti
168,এক শত আটষট্টি, æk ʃɔt̪o atʃɔtti
169,এক শত উনসত্তর, æk ʃɔt̪o unʃɔt̪t̪or
170,এক শত সত্তর, æk ʃɔt̪o ʃɔt̪t̪or
171,এক শত একাত্তর, æk ʃɔt̪o ækat̪t̪or
172,এক শত বাহাত্তর, æk ʃɔt̪o bahat̪t̪or
173,এক শত তিয়াত্তর, æk ʃɔt̪o t̪iʲat̪t̪or
174,এক শত চুয়াত্তর, æk ʃɔt̪o cuʲat̪t̪or
175,এক শত পঁচাত্তর, æk ʃɔt̪o pɔ̃cat̪t̪or
176,এক শত ছিয়াত্তর, æk ʃɔt̪o cʰiʲat̪t̪or
177,এক শত সাতাত্তর, æk ʃɔt̪o ʃat̪at̪t̪or
178,এক শত আটাত্তর, æk ʃɔt̪o atat̪t̪or
179,এক শত উনআশি, æk ʃɔt̪o uno͡a̯ʃi
180,এক শত আশি, æk ʃɔt̪o aʃi
181,এক শত একাশি, æk ʃɔt̪o ækaʃi
182,এক শত বিরাশি, æk ʃɔt̪o biraʃi
183,এক শত তিরাশি, æk ʃɔt̪o t̪iraʃi
184,এক শত চুরাশি, æk ʃɔt̪o curaʃi
185,এক শত পঁচাশি, æk ʃɔt̪o pɔ̃caʃi
186,এক শত ছিয়াশি, æk ʃɔt̪o cʰiʲaʃi
187,এক শত সাতাশি, æk ʃɔt̪o ʃat̪aʃi
188,এক শত আটাশি, æk ʃɔt̪o ataʃi
189,এক শত উননব্বই, æk ʃɔt̪o unonobbo͡i̯
190,এক শত নব্বই, æk ʃɔt̪o nɔbbo͡i̯
191,এক শত একানব্বই, æk ʃɔt̪o ækanbbo͡i̯
192,এক শত বিরানব্বই, æk ʃɔt̪o biranɔbbo͡i̯
193,এক শত তিরানব্বই, æk ʃɔt̪o t̪iranɔbbo͡i̯
194,এক শত চুরানব্বই, æk ʃɔt̪o curanɔbbo͡i̯
195,এক শত পঁচানব্বই, æk ʃɔt̪o pɔ̃canbbo͡i̯
196,এক শত ছিয়ানব্বই, æk ʃɔt̪o cʰiʲanɔbbo͡i̯
197,এক শত সাতানব্বই, æk ʃɔt̪o ʃat̪anobbo͡i̯
198,এক শত আটানব্বই, æk ʃɔt̪o atanbbo͡i̯
199,এক শত নিরানব্বই, æk ʃɔt̪o niranɔbbo͡i̯
200,দুইশ, d̪u͡i̯ʃo
201,দুই শত এক, d̪u͡i̯ ʃɔt̪o æk
202,দুই শত দুই, d̪u͡i̯ ʃɔt̪o d̪u͡i̯
203,দুই শত তিন, d̪u͡i̯ ʃɔt̪o t̪in
204,দুই শত চার, d̪u͡i̯ ʃɔt̪o car
205,দুই শত পাঁচ, d̪u͡i̯ ʃɔt̪o pãc
206,দুই শত ছয়, d̪u͡i̯ ʃɔt̪o cʰɔʲ
207,দুই শত সাত, d̪u͡i̯ ʃɔt̪o ʃat̪
208,দুই শত আট, d̪u͡i̯ ʃɔt̪o at
209,দুই শত নয়, d̪u͡i̯ ʃɔt̪o nɔʲ
210,দুই শত দশ, d̪u͡i̯ ʃɔt̪o d̪ɔʃ
211,দুই শত এগারো, d̪u͡i̯ ʃɔt̪o ægaro
212,দুই শত বারো, d̪u͡i̯ ʃɔt̪o baro
213,দুই শত তেরো, d̪u͡i̯ ʃɔt̪o t̪ero
214,দুই শত চৌদ্দ, d̪u͡i̯ ʃɔt̪o co͡u̯d̪d̪o
215,দুই শত পনেরো, d̪u͡i̯ ʃɔt̪o ponero
216,দুই শত ষোলো, d̪u͡i̯ ʃɔt̪o ʃolo
217,দুই শত সতেরো, d̪u͡i̯ ʃɔt̪o ʃɔt̪ero
218,দুই শত আঠারো, d̪u͡i̯ ʃɔt̪o atʰaro
219,দুই শত উনিশ, d̪u͡i̯ ʃɔt̪o uniʃ
220,দুই শত বিশ, d̪u͡i̯ ʃɔt̪o biʃ
221,দুই শত একুশ, d̪u͡i̯ ʃɔt̪o ækuʃ
222,দুই শত বাইশ, d̪u͡i̯ ʃɔt̪o ba͡i̯ʃ
223,দুই শত তেইশ, d̪u͡i̯ ʃɔt̪o t̪e͡i̯ʃ
224,দুই শত চব্বিশ, d̪u͡i̯ ʃɔt̪o cobbiʃ
225,দুই শত পঁচিশ, d̪u͡i̯ ʃɔt̪o põciʃ
226,দুই শত ছাব্বিশ, d̪u͡i̯ ʃɔt̪o cʰabbiʃ
227,দুই শত সাতাশ, d̪u͡i̯ ʃɔt̪o ʃat̪aʃ
228,দুই শত আঠাশ, d̪u͡i̯ ʃɔt̪o atʰaʃ
229,দুই শত উনত্রিশ, d̪u͡i̯ ʃɔt̪o unot̪riʃ
230,দুই শত ত্রিশ, d̪u͡i̯ ʃɔt̪o t̪riʃ
231,দুই শত একত্রিশ, d̪u͡i̯ ʃɔt̪o ækot̪riʃ
232,দুই শত বত্রিশ, d̪u͡i̯ ʃɔt̪o bɔt̪riʃ
233,দুই শত তেত্রিশ, d̪u͡i̯ ʃɔt̪o t̪et̪riʃ
234,দুই শত চৌত্রিশ, d̪u͡i̯ ʃɔt̪o co͡u̯t̪riʃ
235,দুই শত পঁয়ত্রিশ, d̪u͡i̯ ʃɔt̪o põʲt̪riʃ
236,দুই শত ছত্রিশ, d̪u͡i̯ ʃɔt̪o cʰɔt̪riʃ
237,দুই শত সাঁইত্রিশ, d̪u͡i̯ ʃɔt̪o ʃãit̪riʃ
238,দুই শত আটত্রিশ, d̪u͡i̯ ʃɔt̪o att̪riʃ
239,দুই শত উনচল্লিশ, d̪u͡i̯ ʃɔt̪o unocolliʃ
240,দুই শত চল্লিশ, d̪u͡i̯ ʃɔt̪o colliʃ
241,দুই শত একচল্লিশ, d̪u͡i̯ ʃɔt̪o ækcolliʃ
242,দুই শত বিয়াল্লিশ, d̪u͡i̯ ʃɔt̪o biʲalliʃ
243,দুই শত তেতাল্লিশ, d̪u͡i̯ ʃɔt̪o t̪et̪alliʃ
244,দুই শত চুয়াল্লিশ, d̪u͡i̯ ʃɔt̪o cuʲalliʃ
245,দুই শত পঁয়তাল্লিশ, d̪u͡i̯ ʃɔt̪o põʲt̪alliʃ
246,দুই শত ছেচল্লিশ, d̪u͡i̯ ʃɔt̪o cʰecolliʃ
247,দুই শত সাতচল্লিশ, d̪u͡i̯ ʃɔt̪o ʃat̪colliʃ
248,দুই শত আটচল্লিশ, d̪u͡i̯ ʃɔt̪o atcolliʃ
249,দুই শত উনপঞ্চাশ, d̪u͡i̯ ʃɔt̪o unopɔncaʃ
250,দুই শত পঞ্চাশ, d̪u͡i̯ ʃɔt̪o pɔncaʃ
251,দুই শত একান্ন, d̪u͡i̯ ʃɔt̪o ækanno
252,দুই শত বায়ান্ন, d̪u͡i̯ ʃɔt̪o baʲanno
253,দুই শত তিপ্পান্ন, d̪u͡i̯ ʃɔt̪o t̪ippanno
254,দুই শত চুয়ান্ন, d̪u͡i̯ ʃɔt̪o cuʲanno
255,দুই শত পঞ্চান্ন, d̪u͡i̯ ʃɔt̪o pɔncanno
256,দুই শত ছাপ্পান্ন, d̪u͡i̯ ʃɔt̪o cʰappanno
257,দুই শত সাতান্ন, d̪u͡i̯ ʃɔt̪o ʃat̪anno
258,দুই শত আটান্ন, d̪u͡i̯ ʃɔt̪o atanno
259,দুই শত উনষাট, d̪u͡i̯ ʃɔt̪o unʃat
260,দুই শত ষাট, d̪u͡i̯ ʃɔt̪o ʃat
261,দুই শত একষট্টি, d̪u͡i̯ ʃɔt̪o ækʃotti
262,দুই শত বাষট্টি, d̪u͡i̯ ʃɔt̪o baʃɔtti
263,দুই শত তেষট্টি, d̪u͡i̯ ʃɔt̪o t̪eʃotti
264,দুই শত চৌষট্টি, d̪u͡i̯ ʃɔt̪o co͡u̯ʃotti
265,দুই শত পঁয়ষট্টি, d̪u͡i̯ ʃɔt̪o põʲʃɔtti
266,দুই শত ছেষট্টি, d̪u͡i̯ ʃɔt̪o cʰeʃotti
267,দুই শত সাতষট্টি, d̪u͡i̯ ʃɔt̪o ʃat̪ʃɔtti
268,দুই শত আটষট্টি, d̪u͡i̯ ʃɔt̪o atʃɔtti
269,দুই শত উনসত্তর, d̪u͡i̯ ʃɔt̪o unʃɔt̪t̪or
270,দুই শত সত্তর, d̪u͡i̯ ʃɔt̪o ʃɔt̪t̪or
271,দুই শত একাত্তর, d̪u͡i̯ ʃɔt̪o ækat̪t̪or
272,দুই শত বাহাত্তর, d̪u͡i̯ ʃɔt̪o bahat̪t̪or
273,দুই শত তিয়াত্তর, d̪u͡i̯ ʃɔt̪o t̪iʲat̪t̪or
274,দুই শত চুয়াত্তর, d̪u͡i̯ ʃɔt̪o cuʲat̪t̪or
275,দুই শত পঁচাত্তর, d̪u͡i̯ ʃɔt̪o pɔ̃cat̪t̪or
276,দুই শত ছিয়াত্তর, d̪u͡i̯ ʃɔt̪o cʰiʲat̪t̪or
277,দুই শত সাতাত্তর, d̪u͡i̯ ʃɔt̪o ʃat̪at̪t̪or
278,দুই শত আটাত্তর, d̪u͡i̯ ʃɔt̪o atat̪t̪or
279,দুই শত উনআশি, d̪u͡i̯ ʃɔt̪o uno͡a̯ʃi
280,দুই শত আশি, d̪u͡i̯ ʃɔt̪o aʃi
281,দুই শত একাশি, d̪u͡i̯ ʃɔt̪o ækaʃi
282,দুই শত বিরাশি, d̪u͡i̯ ʃɔt̪o biraʃi
283,দুই শত তিরাশি, d̪u͡i̯ ʃɔt̪o t̪iraʃi
284,দুই শত চুরাশি, d̪u͡i̯ ʃɔt̪o curaʃi
285,দুই শত পঁচাশি, d̪u͡i̯ ʃɔt̪o pɔ̃caʃi
286,দুই শত ছিয়াশি, d̪u͡i̯ ʃɔt̪o cʰiʲaʃi
287,দুই শত সাতাশি, d̪u͡i̯ ʃɔt̪o ʃat̪aʃi
288,দুই শত আটাশি, d̪u͡i̯ ʃɔt̪o ataʃi
289,দুই শত উননব্বই, d̪u͡i̯ ʃɔt̪o unonobbo͡i̯
290,দুই শত নব্বই, d̪u͡i̯ ʃɔt̪o nɔbbo͡i̯
291,দুই শত একানব্বই, d̪u͡i̯ ʃɔt̪o ækanbbo͡i̯
292,দুই শত বিরানব্বই, d̪u͡i̯ ʃɔt̪o biranɔbbo͡i̯
293,দুই শত তিরানব্বই, d̪u͡i̯ ʃɔt̪o t̪iranɔbbo͡i̯
294,দুই শত চুরানব্বই, d̪u͡i̯ ʃɔt̪o curanɔbbo͡i̯
295,দুই শত পঁচানব্বই, d̪u͡i̯ ʃɔt̪o pɔ̃canbbo͡i̯
296,দুই শত ছিয়ানব্বই, d̪u͡i̯ ʃɔt̪o cʰiʲanɔbbo͡i̯
297,দুই শত সাতানব্বই, d̪u͡i̯ ʃɔt̪o ʃat̪anobbo͡i̯
298,দুই শত আটানব্বই, d̪u͡i̯ ʃɔt̪o atanbbo͡i̯
299,দুই শত নিরানব্বই, d̪u͡i̯ ʃɔt̪o niranɔbbo͡i̯
300,তিনশ, t̪inʃ
301,তিন শত এক, t̪in ʃɔt̪o æk
302,তিন শত দুই, t̪in ʃɔt̪o d̪u͡i̯
303,তিন শত তিন, t̪in ʃɔt̪o t̪in
304,তিন শত চার, t̪in ʃɔt̪o car
305,তিন শত পাঁচ, t̪in ʃɔt̪o pãc
306,তিন শত ছয়, t̪in ʃɔt̪o cʰɔʲ
307,তিন শত সাত, t̪in ʃɔt̪o ʃat̪
308,তিন শত আট, t̪in ʃɔt̪o at
309,তিন শত নয়, t̪in ʃɔt̪o nɔʲ
310,তিন শত দশ, t̪in ʃɔt̪o d̪ɔʃ
311,তিন শত এগারো, t̪in ʃɔt̪o ægaro
312,তিন শত বারো, t̪in ʃɔt̪o baro
313,তিন শত তেরো, t̪in ʃɔt̪o t̪ero
314,তিন শত চৌদ্দ, t̪in ʃɔt̪o co͡u̯d̪d̪o
315,তিন শত পনেরো, t̪in ʃɔt̪o ponero
316,তিন শত ষোলো, t̪in ʃɔt̪o ʃolo
317,তিন শত সতেরো, t̪in ʃɔt̪o ʃɔt̪ero
318,তিন শত আঠারো, t̪in ʃɔt̪o atʰaro
319,তিন শত উনিশ, t̪in ʃɔt̪o uniʃ
320,তিন শত বিশ, t̪in ʃɔt̪o biʃ
321,তিন শত একুশ, t̪in ʃɔt̪o ækuʃ
322,তিন শত বাইশ, t̪in ʃɔt̪o ba͡i̯ʃ
323,তিন শত তেইশ, t̪in ʃɔt̪o t̪e͡i̯ʃ
324,তিন শত চব্বিশ, t̪in ʃɔt̪o cobbiʃ
325,তিন শত পঁচিশ, t̪in ʃɔt̪o põciʃ
326,তিন শত ছাব্বিশ, t̪in ʃɔt̪o cʰabbiʃ
327,তিন শত সাতাশ, t̪in ʃɔt̪o ʃat̪aʃ
328,তিন শত আঠাশ, t̪in ʃɔt̪o atʰaʃ
329,তিন শত উনত্রিশ, t̪in ʃɔt̪o unot̪riʃ
330,তিন শত ত্রিশ, t̪in ʃɔt̪o t̪riʃ
331,তিন শত একত্রিশ, t̪in ʃɔt̪o ækot̪riʃ
332,তিন শত বত্রিশ, t̪in ʃɔt̪o bɔt̪riʃ
333,তিন শত তেত্রিশ, t̪in ʃɔt̪o t̪et̪riʃ
334,তিন শত চৌত্রিশ, t̪in ʃɔt̪o co͡u̯t̪riʃ
335,তিন শত পঁয়ত্রিশ, t̪in ʃɔt̪o põʲt̪riʃ
336,তিন শত ছত্রিশ, t̪in ʃɔt̪o cʰɔt̪riʃ
337,তিন শত সাঁইত্রিশ, t̪in ʃɔt̪o ʃãit̪riʃ
338,তিন শত আটত্রিশ, t̪in ʃɔt̪o att̪riʃ
339,তিন শত উনচল্লিশ, t̪in ʃɔt̪o unocolliʃ
340,তিন শত চল্লিশ, t̪in ʃɔt̪o colliʃ
341,তিন শত একচল্লিশ, t̪in ʃɔt̪o ækcolliʃ
342,তিন শত বিয়াল্লিশ, t̪in ʃɔt̪o biʲalliʃ
343,তিন শত তেতাল্লিশ, t̪in ʃɔt̪o t̪et̪alliʃ
344,তিন শত চুয়াল্লিশ, t̪in ʃɔt̪o cuʲalliʃ
345,তিন শত পঁয়তাল্লিশ, t̪in ʃɔt̪o põʲt̪alliʃ
346,তিন শত ছেচল্লিশ, t̪in ʃɔt̪o cʰecolliʃ
347,তিন শত সাতচল্লিশ, t̪in ʃɔt̪o ʃat̪colliʃ
348,তিন শত আটচল্লিশ, t̪in ʃɔt̪o atcolliʃ
349,তিন শত উনপঞ্চাশ, t̪in ʃɔt̪o unopɔncaʃ
350,তিন শত পঞ্চাশ, t̪in ʃɔt̪o pɔncaʃ
351,তিন শত একান্ন, t̪in ʃɔt̪o ækanno
352,তিন শত বায়ান্ন, t̪in ʃɔt̪o baʲanno
353,তিন শত তিপ্পান্ন, t̪in ʃɔt̪o t̪ippanno
354,তিন শত চুয়ান্ন, t̪in ʃɔt̪o cuʲanno
355,তিন শত পঞ্চান্ন, t̪in ʃɔt̪o pɔncanno
356,তিন শত ছাপ্পান্ন, t̪in ʃɔt̪o cʰappanno
357,তিন শত সাতান্ন, t̪in ʃɔt̪o ʃat̪anno
358,তিন শত আটান্ন, t̪in ʃɔt̪o atanno
359,তিন শত উনষাট, t̪in ʃɔt̪o unʃat
360,তিন শত ষাট, t̪in ʃɔt̪o ʃat
361,তিন শত একষট্টি, t̪in ʃɔt̪o ækʃotti
362,তিন শত বাষট্টি, t̪in ʃɔt̪o baʃɔtti
363,তিন শত তেষট্টি, t̪in ʃɔt̪o t̪eʃotti
364,তিন শত চৌষট্টি, t̪in ʃɔt̪o co͡u̯ʃotti
365,তিন শত পঁয়ষট্টি, t̪in ʃɔt̪o põʲʃɔtti
366,তিন শত ছেষট্টি, t̪in ʃɔt̪o cʰeʃotti
367,তিন শত সাতষট্টি, t̪in ʃɔt̪o ʃat̪ʃɔtti
368,তিন শত আটষট্টি, t̪in ʃɔt̪o atʃɔtti
369,তিন শত উনসত্তর, t̪in ʃɔt̪o unʃɔt̪t̪or
370,তিন শত সত্তর, t̪in ʃɔt̪o ʃɔt̪t̪or
371,তিন শত একাত্তর, t̪in ʃɔt̪o ækat̪t̪or
372,তিন শত বাহাত্তর, t̪in ʃɔt̪o bahat̪t̪or
373,তিন শত তিয়াত্তর, t̪in ʃɔt̪o t̪iʲat̪t̪or
374,তিন শত চুয়াত্তর, t̪in ʃɔt̪o cuʲat̪t̪or
375,তিন শত পঁচাত্তর, t̪in ʃɔt̪o pɔ̃cat̪t̪or
376,তিন শত ছিয়াত্তর, t̪in ʃɔt̪o cʰiʲat̪t̪or
377,তিন শত সাতাত্তর, t̪in ʃɔt̪o ʃat̪at̪t̪or
378,তিন শত আটাত্তর, t̪in ʃɔt̪o atat̪t̪or
379,তিন শত উনআশি, t̪in ʃɔt̪o uno͡a̯ʃi
380,তিন শত আশি, t̪in ʃɔt̪o aʃi
381,তিন শত একাশি, t̪in ʃɔt̪o ækaʃi
382,তিন শত বিরাশি, t̪in ʃɔt̪o biraʃi
383,তিন শত তিরাশি, t̪in ʃɔt̪o t̪iraʃi
384,তিন শত চুরাশি, t̪in ʃɔt̪o curaʃi
385,তিন শত পঁচাশি, t̪in ʃɔt̪o pɔ̃caʃi
386,তিন শত ছিয়াশি, t̪in ʃɔt̪o cʰiʲaʃi
387,তিন শত সাতাশি, t̪in ʃɔt̪o ʃat̪aʃi
388,তিন শত আটাশি, t̪in ʃɔt̪o ataʃi
389,তিন শত উননব্বই, t̪in ʃɔt̪o unonobbo͡i̯
390,তিন শত নব্বই, t̪in ʃɔt̪o nɔbbo͡i̯
391,তিন শত একানব্বই, t̪in ʃɔt̪o ækanbbo͡i̯
392,তিন শত বিরানব্বই, t̪in ʃɔt̪o biranɔbbo͡i̯
393,তিন শত তিরানব্বই, t̪in ʃɔt̪o t̪iranɔbbo͡i̯
394,তিন শত চুরানব্বই, t̪in ʃɔt̪o curanɔbbo͡i̯
395,তিন শত পঁচানব্বই, t̪in ʃɔt̪o pɔ̃canbbo͡i̯
396,তিন শত ছিয়ানব্বই, t̪in ʃɔt̪o cʰiʲanɔbbo͡i̯
397,তিন শত সাতানব্বই, t̪in ʃɔt̪o ʃat̪anobbo͡i̯
398,তিন শত আটানব্বই, t̪in ʃɔt̪o atanbbo͡i̯
399,তিন শত নিরানব্বই, t̪in ʃɔt̪o niranɔbbo͡i̯
400,চারশ, carʃo
401,চার শত এক, car ʃɔt̪o æk
402,চার শত দুই, car ʃɔt̪o d̪u͡i̯
403,চার শত তিন, car ʃɔt̪o t̪in
404,চার শত চার, car ʃɔt̪o car
405,চার শত পাঁচ, car ʃɔt̪o pãc
406,চার শত ছয়, car ʃɔt̪o cʰɔʲ
407,চার শত সাত, car ʃɔt̪o ʃat̪
408,চার শত আট, car ʃɔt̪o at
409,চার শত নয়, car ʃɔt̪o nɔʲ
410,চার শত দশ, car ʃɔt̪o d̪ɔʃ
411,চার শত এগারো, car ʃɔt̪o ægaro
412,চার শত বারো, car ʃɔt̪o baro
413,চার শত তেরো, car ʃɔt̪o t̪ero
414,চার শত চৌদ্দ, car ʃɔt̪o co͡u̯d̪d̪o
415,চার শত পনেরো, car ʃɔt̪o ponero
416,চার শত ষোলো, car ʃɔt̪o ʃolo
417,চার শত সতেরো, car ʃɔt̪o ʃɔt̪ero
418,চার শত আঠারো, car ʃɔt̪o atʰaro
419,চার শত উনিশ, car ʃɔt̪o uniʃ
420,চার শত বিশ, car ʃɔt̪o biʃ
421,চার শত একুশ, car ʃɔt̪o ækuʃ
422,চার শত বাইশ, car ʃɔt̪o ba͡i̯ʃ
423,চার শত তেইশ, car ʃɔt̪o t̪e͡i̯ʃ
424,চার শত চব্বিশ, car ʃɔt̪o cobbiʃ
425,চার শত পঁচিশ, car ʃɔt̪o põciʃ
426,চার শত ছাব্বিশ, car ʃɔt̪o cʰabbiʃ
427,চার শত সাতাশ, car ʃɔt̪o ʃat̪aʃ
428,চার শত আঠাশ, car ʃɔt̪o atʰaʃ
429,চার শত উনত্রিশ, car ʃɔt̪o unot̪riʃ
430,চার শত ত্রিশ, car ʃɔt̪o t̪riʃ
431,চার শত একত্রিশ, car ʃɔt̪o ækot̪riʃ
432,চার শত বত্রিশ, car ʃɔt̪o bɔt̪riʃ
433,চার শত তেত্রিশ, car ʃɔt̪o t̪et̪riʃ
434,চার শত চৌত্রিশ, car ʃɔt̪o co͡u̯t̪riʃ
435,চার শত পঁয়ত্রিশ, car ʃɔt̪o põʲt̪riʃ
436,চার শত ছত্রিশ, car ʃɔt̪o cʰɔt̪riʃ
437,চার শত সাঁইত্রিশ, car ʃɔt̪o ʃãit̪riʃ
438,চার শত আটত্রিশ, car ʃɔt̪o att̪riʃ
439,চার শত উনচল্লিশ, car ʃɔt̪o unocolliʃ
440,চার শত চল্লিশ, car ʃɔt̪o colliʃ
441,চার শত একচল্লিশ, car ʃɔt̪o ækcolliʃ
442,চার শত বিয়াল্লিশ, car ʃɔt̪o biʲalliʃ
443,চার শত তেতাল্লিশ, car ʃɔt̪o t̪et̪alliʃ
444,চার শত চুয়াল্লিশ, car ʃɔt̪o cuʲalliʃ
445,চার শত পঁয়তাল্লিশ, car ʃɔt̪o põʲt̪alliʃ
446,চার শত ছেচল্লিশ, car ʃɔt̪o cʰecolliʃ
447,চার শত সাতচল্লিশ, car ʃɔt̪o ʃat̪colliʃ
448,চার শত আটচল্লিশ, car ʃɔt̪o atcolliʃ
449,চার শত উনপঞ্চাশ, car ʃɔt̪o unopɔncaʃ
450,চার শত পঞ্চাশ, car ʃɔt̪o pɔncaʃ
451,চার শত একান্ন, car ʃɔt̪o ækanno
452,চার শত বায়ান্ন, car ʃɔt̪o baʲanno
453,চার শত তিপ্পান্ন, car ʃɔt̪o t̪ippanno
454,চার শত চুয়ান্ন, car ʃɔt̪o cuʲanno
455,চার শত পঞ্চান্ন, car ʃɔt̪o pɔncanno
456,চার শত ছাপ্পান্ন, car ʃɔt̪o cʰappanno
457,চার শত সাতান্ন, car ʃɔt̪o ʃat̪anno
458,চার শত আটান্ন, car ʃɔt̪o atanno
459,চার শত উনষাট, car ʃɔt̪o unʃat
460,চার শত ষাট, car ʃɔt̪o ʃat
461,চার শত একষট্টি, car ʃɔt̪o ækʃotti
462,চার শত বাষট্টি, car ʃɔt̪o baʃɔtti
463,চার শত তেষট্টি, car ʃɔt̪o t̪eʃotti
464,চার শত চৌষট্টি, car ʃɔt̪o co͡u̯ʃotti
465,চার শত পঁয়ষট্টি, car ʃɔt̪o põʲʃɔtti
466,চার শত ছেষট্টি, car ʃɔt̪o cʰeʃotti
467,চার শত সাতষট্টি, car ʃɔt̪o ʃat̪ʃɔtti
468,চার শত আটষট্টি, car ʃɔt̪o atʃɔtti
469,চার শত উনসত্তর, car ʃɔt̪o unʃɔt̪t̪or
470,চার শত সত্তর, car ʃɔt̪o ʃɔt̪t̪or
471,চার শত একাত্তর, car ʃɔt̪o ækat̪t̪or
472,চার শত বাহাত্তর, car ʃɔt̪o bahat̪t̪or
473,চার শত তিয়াত্তর, car ʃɔt̪o t̪iʲat̪t̪or
474,চার শত চুয়াত্তর, car ʃɔt̪o cuʲat̪t̪or
475,চার শত পঁচাত্তর, car ʃɔt̪o pɔ̃cat̪t̪or
476,চার শত ছিয়াত্তর, car ʃɔt̪o cʰiʲat̪t̪or
477,চার শত সাতাত্তর, car ʃɔt̪o ʃat̪at̪t̪or
478,চার শত আটাত্তর, car ʃɔt̪o atat̪t̪or
479,চার শত উনআশি, car ʃɔt̪o uno͡a̯ʃi
480,চার শত আশি, car ʃɔt̪o aʃi
481,চার শত একাশি, car ʃɔt̪o ækaʃi
482,চার শত বিরাশি, car ʃɔt̪o biraʃi
483,চার শত তিরাশি, car ʃɔt̪o t̪iraʃi
484,চার শত চুরাশি, car ʃɔt̪o curaʃi
485,চার শত পঁচাশি, car ʃɔt̪o pɔ̃caʃi
486,চার শত ছিয়াশি, car ʃɔt̪o cʰiʲaʃi
487,চার শত সাতাশি, car ʃɔt̪o ʃat̪aʃi
488,চার শত আটাশি, car ʃɔt̪o ataʃi
489,চার শত উননব্বই, car ʃɔt̪o unonobbo͡i̯
490,চার শত নব্বই, car ʃɔt̪o nɔbbo͡i̯
491,চার শত একানব্বই, car ʃɔt̪o ækanbbo͡i̯
492,চার শত বিরানব্বই, car ʃɔt̪o biranɔbbo͡i̯
493,চার শত তিরানব্বই, car ʃɔt̪o t̪iranɔbbo͡i̯
494,চার শত চুরানব্বই, car ʃɔt̪o curanɔbbo͡i̯
495,চার শত পঁচানব্বই, car ʃɔt̪o pɔ̃canbbo͡i̯
496,চার শত ছিয়ানব্বই, car ʃɔt̪o cʰiʲanɔbbo͡i̯
497,চার শত সাতানব্বই, car ʃɔt̪o ʃat̪anobbo͡i̯
498,চার শত আটানব্বই, car ʃɔt̪o atanbbo͡i̯
499,চার শত নিরানব্বই, car ʃɔt̪o niranɔbbo͡i̯
500,পাঁচশ, pãcʃo
501,পাঁচ শত এক, pãc ʃɔt̪o æk
502,পাঁচ শত দুই, pãc ʃɔt̪o d̪u͡i̯
503,পাঁচ শত তিন, pãc ʃɔt̪o t̪in
504,পাঁচ শত চার, pãc ʃɔt̪o car
505,পাঁচ শত পাঁচ, pãc ʃɔt̪o pãc
506,পাঁচ শত ছয়, pãc ʃɔt̪o cʰɔʲ
507,পাঁচ শত সাত, pãc ʃɔt̪o ʃat̪
508,পাঁচ শত আট, pãc ʃɔt̪o at
509,পাঁচ শত নয়, pãc ʃɔt̪o nɔʲ
510,পাঁচ শত দশ, pãc ʃɔt̪o d̪ɔʃ
511,পাঁচ শত এগারো, pãc ʃɔt̪o ægaro
512,পাঁচ শত বারো, pãc ʃɔt̪o baro
513,পাঁচ শত তেরো, pãc ʃɔt̪o t̪ero
514,পাঁচ শত চৌদ্দ, pãc ʃɔt̪o co͡u̯d̪d̪o
515,পাঁচ শত পনেরো, pãc ʃɔt̪o ponero
516,পাঁচ শত ষোলো, pãc ʃɔt̪o ʃolo
517,পাঁচ শত সতেরো, pãc ʃɔt̪o ʃɔt̪ero
518,পাঁচ শত আঠারো, pãc ʃɔt̪o atʰaro
519,পাঁচ শত উনিশ, pãc ʃɔt̪o uniʃ
520,পাঁচ শত বিশ, pãc ʃɔt̪o biʃ
521,পাঁচ শত একুশ, pãc ʃɔt̪o ækuʃ
522,পাঁচ শত বাইশ, pãc ʃɔt̪o ba͡i̯ʃ
523,পাঁচ শত তেইশ, pãc ʃɔt̪o t̪e͡i̯ʃ
524,পাঁচ শত চব্বিশ, pãc ʃɔt̪o cobbiʃ
525,পাঁচ শত পঁচিশ, pãc ʃɔt̪o põciʃ
526,পাঁচ শত ছাব্বিশ, pãc ʃɔt̪o cʰabbiʃ
527,পাঁচ শত সাতাশ, pãc ʃɔt̪o ʃat̪aʃ
528,পাঁচ শত আঠাশ, pãc ʃɔt̪o atʰaʃ
529,পাঁচ শত উনত্রিশ, pãc ʃɔt̪o unot̪riʃ
530,পাঁচ শত ত্রিশ, pãc ʃɔt̪o t̪riʃ
531,পাঁচ শত একত্রিশ, pãc ʃɔt̪o ækot̪riʃ
532,পাঁচ শত বত্রিশ, pãc ʃɔt̪o bɔt̪riʃ
533,পাঁচ শত তেত্রিশ, pãc ʃɔt̪o t̪et̪riʃ
534,পাঁচ শত চৌত্রিশ, pãc ʃɔt̪o co͡u̯t̪riʃ
535,পাঁচ শত পঁয়ত্রিশ, pãc ʃɔt̪o põʲt̪riʃ
536,পাঁচ শত ছত্রিশ, pãc ʃɔt̪o cʰɔt̪riʃ
537,পাঁচ শত সাঁইত্রিশ, pãc ʃɔt̪o ʃãit̪riʃ
538,পাঁচ শত আটত্রিশ, pãc ʃɔt̪o att̪riʃ
539,পাঁচ শত উনচল্লিশ, pãc ʃɔt̪o unocolliʃ
540,পাঁচ শত চল্লিশ, pãc ʃɔt̪o colliʃ
541,পাঁচ শত একচল্লিশ, pãc ʃɔt̪o ækcolliʃ
542,পাঁচ শত বিয়াল্লিশ, pãc ʃɔt̪o biʲalliʃ
543,পাঁচ শত তেতাল্লিশ, pãc ʃɔt̪o t̪et̪alliʃ
544,পাঁচ শত চুয়াল্লিশ, pãc ʃɔt̪o cuʲalliʃ
545,পাঁচ শত পঁয়তাল্লিশ, pãc ʃɔt̪o põʲt̪alliʃ
546,পাঁচ শত ছেচল্লিশ, pãc ʃɔt̪o cʰecolliʃ
547,পাঁচ শত সাতচল্লিশ, pãc ʃɔt̪o ʃat̪colliʃ
548,পাঁচ শত আটচল্লিশ, pãc ʃɔt̪o atcolliʃ
549,পাঁচ শত উনপঞ্চাশ, pãc ʃɔt̪o unopɔncaʃ
550,পাঁচ শত পঞ্চাশ, pãc ʃɔt̪o pɔncaʃ
551,পাঁচ শত একান্ন, pãc ʃɔt̪o ækanno
552,পাঁচ শত বায়ান্ন, pãc ʃɔt̪o baʲanno
553,পাঁচ শত তিপ্পান্ন, pãc ʃɔt̪o t̪ippanno
554,পাঁচ শত চুয়ান্ন, pãc ʃɔt̪o cuʲanno
555,পাঁচ শত পঞ্চান্ন, pãc ʃɔt̪o pɔncanno
556,পাঁচ শত ছাপ্পান্ন, pãc ʃɔt̪o cʰappanno
557,পাঁচ শত সাতান্ন, pãc ʃɔt̪o ʃat̪anno
558,পাঁচ শত আটান্ন, pãc ʃɔt̪o atanno
559,পাঁচ শত উনষাট, pãc ʃɔt̪o unʃat
560,পাঁচ শত ষাট, pãc ʃɔt̪o ʃat
561,পাঁচ শত একষট্টি, pãc ʃɔt̪o ækʃotti
562,পাঁচ শত বাষট্টি, pãc ʃɔt̪o baʃɔtti
563,পাঁচ শত তেষট্টি, pãc ʃɔt̪o t̪eʃotti
564,পাঁচ শত চৌষট্টি, pãc ʃɔt̪o co͡u̯ʃotti
565,পাঁচ শত পঁয়ষট্টি, pãc ʃɔt̪o põʲʃɔtti
566,পাঁচ শত ছেষট্টি, pãc ʃɔt̪o cʰeʃotti
567,পাঁচ শত সাতষট্টি, pãc ʃɔt̪o ʃat̪ʃɔtti
568,পাঁচ শত আটষট্টি, pãc ʃɔt̪o atʃɔtti
569,পাঁচ শত উনসত্তর, pãc ʃɔt̪o unʃɔt̪t̪or
570,পাঁচ শত সত্তর, pãc ʃɔt̪o ʃɔt̪t̪or
571,পাঁচ শত একাত্তর, pãc ʃɔt̪o ækat̪t̪or
572,পাঁচ শত বাহাত্তর, pãc ʃɔt̪o bahat̪t̪or
573,পাঁচ শত তিয়াত্তর, pãc ʃɔt̪o t̪iʲat̪t̪or
574,পাঁচ শত চুয়াত্তর, pãc ʃɔt̪o cuʲat̪t̪or
575,পাঁচ শত পঁচাত্তর, pãc ʃɔt̪o pɔ̃cat̪t̪or
576,পাঁচ শত ছিয়াত্তর, pãc ʃɔt̪o cʰiʲat̪t̪or
577,পাঁচ শত সাতাত্তর, pãc ʃɔt̪o ʃat̪at̪t̪or
578,পাঁচ শত আটাত্তর, pãc ʃɔt̪o atat̪t̪or
579,পাঁচ শত উনআশি, pãc ʃɔt̪o uno͡a̯ʃi
580,পাঁচ শত আশি, pãc ʃɔt̪o aʃi
581,পাঁচ শত একাশি, pãc ʃɔt̪o ækaʃi
582,পাঁচ শত বিরাশি, pãc ʃɔt̪o biraʃi
583,পাঁচ শত তিরাশি, pãc ʃɔt̪o t̪iraʃi
584,পাঁচ শত চুরাশি, pãc ʃɔt̪o curaʃi
585,পাঁচ শত পঁচাশি, pãc ʃɔt̪o pɔ̃caʃi
586,পাঁচ শত ছিয়াশি, pãc ʃɔt̪o cʰiʲaʃi
587,পাঁচ শত সাতাশি, pãc ʃɔt̪o ʃat̪aʃi
588,পাঁচ শত আটাশি, pãc ʃɔt̪o ataʃi
589,পাঁচ শত উননব্বই, pãc ʃɔt̪o unonobbo͡i̯
590,পাঁচ শত নব্বই, pãc ʃɔt̪o nɔbbo͡i̯
591,পাঁচ শত একানব্বই, pãc ʃɔt̪o ækanbbo͡i̯
592,পাঁচ শত বিরানব্বই, pãc ʃɔt̪o biranɔbbo͡i̯
593,পাঁচ শত তিরানব্বই, pãc ʃɔt̪o t̪iranɔbbo͡i̯
594,পাঁচ শত চুরানব্বই, pãc ʃɔt̪o curanɔbbo͡i̯
595,পাঁচ শত পঁচানব্বই, pãc ʃɔt̪o pɔ̃canbbo͡i̯
596,পাঁচ শত ছিয়ানব্বই, pãc ʃɔt̪o cʰiʲanɔbbo͡i̯
597,পাঁচ শত সাতানব্বই, pãc ʃɔt̪o ʃat̪anobbo͡i̯
598,পাঁচ শত আটানব্বই, pãc ʃɔt̪o atanbbo͡i̯
599,পাঁচ শত নিরানব্বই, pãc ʃɔt̪o niranɔbbo͡i̯
600,ছয়শ, cʰɔʲʃo
601,ছয় শত এক, cʰɔʲ ʃɔt̪o æk
602,ছয় শত দুই, cʰɔʲ ʃɔt̪o d̪u͡i̯
603,ছয় শত তিন, cʰɔʲ ʃɔt̪o t̪in
604,ছয় শত চার, cʰɔʲ ʃɔt̪o car
605,ছয় শত পাঁচ, cʰɔʲ ʃɔt̪o pãc
606,ছয় শত ছয়, cʰɔʲ ʃɔt̪o cʰɔʲ
607,ছয় শত সাত, cʰɔʲ ʃɔt̪o ʃat̪
608,ছয় শত আট, cʰɔʲ ʃɔt̪o at
609,ছয় শত নয়, cʰɔʲ ʃɔt̪o nɔʲ
610,ছয় শত দশ, cʰɔʲ ʃɔt̪o d̪ɔʃ
611,ছয় শত এগারো, cʰɔʲ ʃɔt̪o ægaro
612,ছয় শত বারো, cʰɔʲ ʃɔt̪o baro
613,ছয় শত তেরো, cʰɔʲ ʃɔt̪o t̪ero
614,ছয় শত চৌদ্দ, cʰɔʲ ʃɔt̪o co͡u̯d̪d̪o
615,ছয় শত পনেরো, cʰɔʲ ʃɔt̪o ponero
616,ছয় শত ষোলো, cʰɔʲ ʃɔt̪o ʃolo
617,ছয় শত সতেরো, cʰɔʲ ʃɔt̪o ʃɔt̪ero
618,ছয় শত আঠারো, cʰɔʲ ʃɔt̪o atʰaro
619,ছয় শত উনিশ, cʰɔʲ ʃɔt̪o uniʃ
620,ছয় শত বিশ, cʰɔʲ ʃɔt̪o biʃ
621,ছয় শত একুশ, cʰɔʲ ʃɔt̪o ækuʃ
622,ছয় শত বাইশ, cʰɔʲ ʃɔt̪o ba͡i̯ʃ
623,ছয় শত তেইশ, cʰɔʲ ʃɔt̪o t̪e͡i̯ʃ
624,ছয় শত চব্বিশ, cʰɔʲ ʃɔt̪o cobbiʃ
625,ছয় শত পঁচিশ, cʰɔʲ ʃɔt̪o põciʃ
626,ছয় শত ছাব্বিশ, cʰɔʲ ʃɔt̪o cʰabbiʃ
627,ছয় শত সাতাশ, cʰɔʲ ʃɔt̪o ʃat̪aʃ
628,ছয় শত আঠাশ, cʰɔʲ ʃɔt̪o atʰaʃ
629,ছয় শত উনত্রিশ, cʰɔʲ ʃɔt̪o unot̪riʃ
630,ছয় শত ত্রিশ, cʰɔʲ ʃɔt̪o t̪riʃ
631,ছয় শত একত্রিশ, cʰɔʲ ʃɔt̪o ækot̪riʃ
632,ছয় শত বত্রিশ, cʰɔʲ ʃɔt̪o bɔt̪riʃ
633,ছয় শত তেত্রিশ, cʰɔʲ ʃɔt̪o t̪et̪riʃ
634,ছয় শত চৌত্রিশ, cʰɔʲ ʃɔt̪o co͡u̯t̪riʃ
635,ছয় শত পঁয়ত্রিশ, cʰɔʲ ʃɔt̪o põʲt̪riʃ
636,ছয় শত ছত্রিশ, cʰɔʲ ʃɔt̪o cʰɔt̪riʃ
637,ছয় শত সাঁইত্রিশ, cʰɔʲ ʃɔt̪o ʃãit̪riʃ
638,ছয় শত আটত্রিশ, cʰɔʲ ʃɔt̪o att̪riʃ
639,ছয় শত উনচল্লিশ, cʰɔʲ ʃɔt̪o unocolliʃ
640,ছয় শত চল্লিশ, cʰɔʲ ʃɔt̪o colliʃ
641,ছয় শত একচল্লিশ, cʰɔʲ ʃɔt̪o ækcolliʃ
642,ছয় শত বিয়াল্লিশ, cʰɔʲ ʃɔt̪o biʲalliʃ
643,ছয় শত তেতাল্লিশ, cʰɔʲ ʃɔt̪o t̪et̪alliʃ
644,ছয় শত চুয়াল্লিশ, cʰɔʲ ʃɔt̪o cuʲalliʃ
645,ছয় শত পঁয়তাল্লিশ, cʰɔʲ ʃɔt̪o põʲt̪alliʃ
646,ছয় শত ছেচল্লিশ, cʰɔʲ ʃɔt̪o cʰecolliʃ
647,ছয় শত সাতচল্লিশ, cʰɔʲ ʃɔt̪o ʃat̪colliʃ
648,ছয় শত আটচল্লিশ, cʰɔʲ ʃɔt̪o atcolliʃ
649,ছয় শত উনপঞ্চাশ, cʰɔʲ ʃɔt̪o unopɔncaʃ
650,ছয় শত পঞ্চাশ, cʰɔʲ ʃɔt̪o pɔncaʃ
651,ছয় শত একান্ন, cʰɔʲ ʃɔt̪o ækanno
652,ছয় শত বায়ান্ন, cʰɔʲ ʃɔt̪o baʲanno
653,ছয় শত তিপ্পান্ন, cʰɔʲ ʃɔt̪o t̪ippanno
654,ছয় শত চুয়ান্ন, cʰɔʲ ʃɔt̪o cuʲanno
655,ছয় শত পঞ্চান্ন, cʰɔʲ ʃɔt̪o pɔncanno
656,ছয় শত ছাপ্পান্ন, cʰɔʲ ʃɔt̪o cʰappanno
657,ছয় শত সাতান্ন, cʰɔʲ ʃɔt̪o ʃat̪anno
658,ছয় শত আটান্ন, cʰɔʲ ʃɔt̪o atanno
659,ছয় শত উনষাট, cʰɔʲ ʃɔt̪o unʃat
660,ছয় শত ষাট, cʰɔʲ ʃɔt̪o ʃat
661,ছয় শত একষট্টি, cʰɔʲ ʃɔt̪o ækʃotti
662,ছয় শত বাষট্টি, cʰɔʲ ʃɔt̪o baʃɔtti
663,ছয় শত তেষট্টি, cʰɔʲ ʃɔt̪o t̪eʃotti
664,ছয় শত চৌষট্টি, cʰɔʲ ʃɔt̪o co͡u̯ʃotti
665,ছয় শত পঁয়ষট্টি, cʰɔʲ ʃɔt̪o põʲʃɔtti
666,ছয় শত ছেষট্টি, cʰɔʲ ʃɔt̪o cʰeʃotti
667,ছয় শত সাতষট্টি, cʰɔʲ ʃɔt̪o ʃat̪ʃɔtti
668,ছয় শত আটষট্টি, cʰɔʲ ʃɔt̪o atʃɔtti
669,ছয় শত উনসত্তর, cʰɔʲ ʃɔt̪o unʃɔt̪t̪or
670,ছয় শত সত্তর, cʰɔʲ ʃɔt̪o ʃɔt̪t̪or
671,ছয় শত একাত্তর, cʰɔʲ ʃɔt̪o ækat̪t̪or
672,ছয় শত বাহাত্তর, cʰɔʲ ʃɔt̪o bahat̪t̪or
673,ছয় শত তিয়াত্তর, cʰɔʲ ʃɔt̪o t̪iʲat̪t̪or
674,ছয় শত চুয়াত্তর, cʰɔʲ ʃɔt̪o cuʲat̪t̪or
675,ছয় শত পঁচাত্তর, cʰɔʲ ʃɔt̪o pɔ̃cat̪t̪or
676,ছয় শত ছিয়াত্তর, cʰɔʲ ʃɔt̪o cʰiʲat̪t̪or
677,ছয় শত সাতাত্তর, cʰɔʲ ʃɔt̪o ʃat̪at̪t̪or
678,ছয় শত আটাত্তর, cʰɔʲ ʃɔt̪o atat̪t̪or
679,ছয় শত উনআশি, cʰɔʲ ʃɔt̪o uno͡a̯ʃi
680,ছয় শত আশি, cʰɔʲ ʃɔt̪o aʃi
681,ছয় শত একাশি, cʰɔʲ ʃɔt̪o ækaʃi
682,ছয় শত বিরাশি, cʰɔʲ ʃɔt̪o biraʃi
683,ছয় শত তিরাশি, cʰɔʲ ʃɔt̪o t̪iraʃi
684,ছয় শত চুরাশি, cʰɔʲ ʃɔt̪o curaʃi
685,ছয় শত পঁচাশি, cʰɔʲ ʃɔt̪o pɔ̃caʃi
686,ছয় শত ছিয়াশি, cʰɔʲ ʃɔt̪o cʰiʲaʃi
687,ছয় শত সাতাশি, cʰɔʲ ʃɔt̪o ʃat̪aʃi
688,ছয় শত আটাশি, cʰɔʲ ʃɔt̪o ataʃi
689,ছয় শত উননব্বই, cʰɔʲ ʃɔt̪o unonobbo͡i̯
690,ছয় শত নব্বই, cʰɔʲ ʃɔt̪o nɔbbo͡i̯
691,ছয় শত একানব্বই, cʰɔʲ ʃɔt̪o ækanbbo͡i̯
692,ছয় শত বিরানব্বই, cʰɔʲ ʃɔt̪o biranɔbbo͡i̯
693,ছয় শত তিরানব্বই, cʰɔʲ ʃɔt̪o t̪iranɔbbo͡i̯
694,ছয় শত চুরানব্বই, cʰɔʲ ʃɔt̪o curanɔbbo͡i̯
695,ছয় শত পঁচানব্বই, cʰɔʲ ʃɔt̪o pɔ̃canbbo͡i̯
696,ছয় শত ছিয়ানব্বই, cʰɔʲ ʃɔt̪o cʰiʲanɔbbo͡i̯
697,ছয় শত সাতানব্বই, cʰɔʲ ʃɔt̪o ʃat̪anobbo͡i̯
698,ছয় শত আটানব্বই, cʰɔʲ ʃɔt̪o atanbbo͡i̯
699,ছয় শত নিরানব্বই, cʰɔʲ ʃɔt̪o niranɔbbo͡i̯
700,সাতশ, ʃat̪ʃo
701,সাত শত এক, ʃat̪ ʃɔt̪o æk
702,সাত শত দুই, ʃat̪ ʃɔt̪o d̪u͡i̯
703,সাত শত তিন, ʃat̪ ʃɔt̪o t̪in
704,সাত শত চার, ʃat̪ ʃɔt̪o car
705,সাত শত পাঁচ, ʃat̪ ʃɔt̪o pãc
706,সাত শত ছয়, ʃat̪ ʃɔt̪o cʰɔʲ
707,সাত শত সাত, ʃat̪ ʃɔt̪o ʃat̪
708,সাত শত আট, ʃat̪ ʃɔt̪o at
709,সাত শত নয়, ʃat̪ ʃɔt̪o nɔʲ
710,সাত শত দশ, ʃat̪ ʃɔt̪o d̪ɔʃ
711,সাত শত এগারো, ʃat̪ ʃɔt̪o ægaro
712,সাত শত বারো, ʃat̪ ʃɔt̪o baro
713,সাত শত তেরো, ʃat̪ ʃɔt̪o t̪ero
714,সাত শত চৌদ্দ, ʃat̪ ʃɔt̪o co͡u̯d̪d̪o
715,সাত শত পনেরো, ʃat̪ ʃɔt̪o ponero
716,সাত শত ষোলো, ʃat̪ ʃɔt̪o ʃolo
717,সাত শত সতেরো, ʃat̪ ʃɔt̪o ʃɔt̪ero
718,সাত শত আঠারো, ʃat̪ ʃɔt̪o atʰaro
719,সাত শত উনিশ, ʃat̪ ʃɔt̪o uniʃ
720,সাত শত বিশ, ʃat̪ ʃɔt̪o biʃ
721,সাত শত একুশ, ʃat̪ ʃɔt̪o ækuʃ
722,সাত শত বাইশ, ʃat̪ ʃɔt̪o ba͡i̯ʃ
723,সাত শত তেইশ, ʃat̪ ʃɔt̪o t̪e͡i̯ʃ
724,সাত শত চব্বিশ, ʃat̪ ʃɔt̪o cobbiʃ
725,সাত শত পঁচিশ, ʃat̪ ʃɔt̪o põciʃ
726,সাত শত ছাব্বিশ, ʃat̪ ʃɔt̪o cʰabbiʃ
727,সাত শত সাতাশ, ʃat̪ ʃɔt̪o ʃat̪aʃ
728,সাত শত আঠাশ, ʃat̪ ʃɔt̪o atʰaʃ
729,সাত শত উনত্রিশ, ʃat̪ ʃɔt̪o unot̪riʃ
730,সাত শত ত্রিশ, ʃat̪ ʃɔt̪o t̪riʃ
731,সাত শত একত্রিশ, ʃat̪ ʃɔt̪o ækot̪riʃ
732,সাত শত বত্রিশ, ʃat̪ ʃɔt̪o bɔt̪riʃ
733,সাত শত তেত্রিশ, ʃat̪ ʃɔt̪o t̪et̪riʃ
734,সাত শত চৌত্রিশ, ʃat̪ ʃɔt̪o co͡u̯t̪riʃ
735,সাত শত পঁয়ত্রিশ, ʃat̪ ʃɔt̪o põʲt̪riʃ
736,সাত শত ছত্রিশ, ʃat̪ ʃɔt̪o cʰɔt̪riʃ
737,সাত শত সাঁইত্রিশ, ʃat̪ ʃɔt̪o ʃãit̪riʃ
738,সাত শত আটত্রিশ, ʃat̪ ʃɔt̪o att̪riʃ
739,সাত শত উনচল্লিশ, ʃat̪ ʃɔt̪o unocolliʃ
740,সাত শত চল্লিশ, ʃat̪ ʃɔt̪o colliʃ
741,সাত শত একচল্লিশ, ʃat̪ ʃɔt̪o ækcolliʃ
742,সাত শত বিয়াল্লিশ, ʃat̪ ʃɔt̪o biʲalliʃ
743,সাত শত তেতাল্লিশ, ʃat̪ ʃɔt̪o t̪et̪alliʃ
744,সাত শত চুয়াল্লিশ, ʃat̪ ʃɔt̪o cuʲalliʃ
745,সাত শত পঁয়তাল্লিশ, ʃat̪ ʃɔt̪o põʲt̪alliʃ
746,সাত শত ছেচল্লিশ, ʃat̪ ʃɔt̪o cʰecolliʃ
747,সাত শত সাতচল্লিশ, ʃat̪ ʃɔt̪o ʃat̪colliʃ
748,সাত শত আটচল্লিশ, ʃat̪ ʃɔt̪o atcolliʃ
749,সাত শত উনপঞ্চাশ, ʃat̪ ʃɔt̪o unopɔncaʃ
750,সাত শত পঞ্চাশ, ʃat̪ ʃɔt̪o pɔncaʃ
751,সাত শত একান্ন, ʃat̪ ʃɔt̪o ækanno
752,সাত শত বায়ান্ন, ʃat̪ ʃɔt̪o baʲanno
753,সাত শত তিপ্পান্ন, ʃat̪ ʃɔt̪o t̪ippanno
754,সাত শত চুয়ান্ন, ʃat̪ ʃɔt̪o cuʲanno
755,সাত শত পঞ্চান্ন, ʃat̪ ʃɔt̪o pɔncanno
756,সাত শত ছাপ্পান্ন, ʃat̪ ʃɔt̪o cʰappanno
757,সাত শত সাতান্ন, ʃat̪ ʃɔt̪o ʃat̪anno
758,সাত শত আটান্ন, ʃat̪ ʃɔt̪o atanno
759,সাত শত উনষাট, ʃat̪ ʃɔt̪o unʃat
760,সাত শত ষাট, ʃat̪ ʃɔt̪o ʃat
761,সাত শত একষট্টি, ʃat̪ ʃɔt̪o ækʃotti
762,সাত শত বাষট্টি, ʃat̪ ʃɔt̪o baʃɔtti
763,সাত শত তেষট্টি, ʃat̪ ʃɔt̪o t̪eʃotti
764,সাত শত চৌষট্টি, ʃat̪ ʃɔt̪o co͡u̯ʃotti
765,সাত শত পঁয়ষট্টি, ʃat̪ ʃɔt̪o põʲʃɔtti
766,সাত শত ছেষট্টি, ʃat̪ ʃɔt̪o cʰeʃotti
767,সাত শত সাতষট্টি, ʃat̪ ʃɔt̪o ʃat̪ʃɔtti
768,সাত শত আটষট্টি, ʃat̪ ʃɔt̪o atʃɔtti
769,সাত শত উনসত্তর, ʃat̪ ʃɔt̪o unʃɔt̪t̪or
770,সাত শত সত্তর, ʃat̪ ʃɔt̪o ʃɔt̪t̪or
771,সাত শত একাত্তর, ʃat̪ ʃɔt̪o ækat̪t̪or
772,সাত শত বাহাত্তর, ʃat̪ ʃɔt̪o bahat̪t̪or
773,সাত শত তিয়াত্তর, ʃat̪ ʃɔt̪o t̪iʲat̪t̪or
774,সাত শত চুয়াত্তর, ʃat̪ ʃɔt̪o cuʲat̪t̪or
775,সাত শত পঁচাত্তর, ʃat̪ ʃɔt̪o pɔ̃cat̪t̪or
776,সাত শত ছিয়াত্তর, ʃat̪ ʃɔt̪o cʰiʲat̪t̪or
777,সাত শত সাতাত্তর, ʃat̪ ʃɔt̪o ʃat̪at̪t̪or
778,সাত শত আটাত্তর, ʃat̪ ʃɔt̪o atat̪t̪or
779,সাত শত উনআশি, ʃat̪ ʃɔt̪o uno͡a̯ʃi
780,সাত শত আশি, ʃat̪ ʃɔt̪o aʃi
781,সাত শত একাশি, ʃat̪ ʃɔt̪o ækaʃi
782,সাত শত বিরাশি, ʃat̪ ʃɔt̪o biraʃi
783,সাত শত তিরাশি, ʃat̪ ʃɔt̪o t̪iraʃi
784,সাত শত চুরাশি, ʃat̪ ʃɔt̪o curaʃi
785,সাত শত পঁচাশি, ʃat̪ ʃɔt̪o pɔ̃caʃi
786,সাত শত ছিয়াশি, ʃat̪ ʃɔt̪o cʰiʲaʃi
787,সাত শত সাতাশি, ʃat̪ ʃɔt̪o ʃat̪aʃi
788,সাত শত আটাশি, ʃat̪ ʃɔt̪o ataʃi
789,সাত শত উননব্বই, ʃat̪ ʃɔt̪o unonobbo͡i̯
790,সাত শত নব্বই, ʃat̪ ʃɔt̪o nɔbbo͡i̯
791,সাত শত একানব্বই, ʃat̪ ʃɔt̪o ækanbbo͡i̯
792,সাত শত বিরানব্বই, ʃat̪ ʃɔt̪o biranɔbbo͡i̯
793,সাত শত তিরানব্বই, ʃat̪ ʃɔt̪o t̪iranɔbbo͡i̯
794,সাত শত চুরানব্বই, ʃat̪ ʃɔt̪o curanɔbbo͡i̯
795,সাত শত পঁচানব্বই, ʃat̪ ʃɔt̪o pɔ̃canbbo͡i̯
796,সাত শত ছিয়ানব্বই, ʃat̪ ʃɔt̪o cʰiʲanɔbbo͡i̯
797,সাত শত সাতানব্বই, ʃat̪ ʃɔt̪o ʃat̪anobbo͡i̯
798,সাত শত আটানব্বই, ʃat̪ ʃɔt̪o atanbbo͡i̯
799,সাত শত নিরানব্বই, ʃat̪ ʃɔt̪o niranɔbbo͡i̯
800,আটশ, atʃo
801,আট শত এক, at ʃɔt̪o æk
802,আট শত দুই, at ʃɔt̪o d̪u͡i̯
803,আট শত তিন, at ʃɔt̪o t̪in
804,আট শত চার, at ʃɔt̪o car
805,আট শত পাঁচ, at ʃɔt̪o pãc
806,আট শত ছয়, at ʃɔt̪o cʰɔʲ
807,আট শত সাত, at ʃɔt̪o ʃat̪
808,আট শত আট, at ʃɔt̪o at
809,আট শত নয়, at ʃɔt̪o nɔʲ
810,আট শত দশ, at ʃɔt̪o d̪ɔʃ
811,আট শত এগারো, at ʃɔt̪o ægaro
812,আট শত বারো, at ʃɔt̪o baro
813,আট শত তেরো, at ʃɔt̪o t̪ero
814,আট শত চৌদ্দ, at ʃɔt̪o co͡u̯d̪d̪o
815,আট শত পনেরো, at ʃɔt̪o ponero
816,আট শত ষোলো, at ʃɔt̪o ʃolo
817,আট শত সতেরো, at ʃɔt̪o ʃɔt̪ero
818,আট শত আঠারো, at ʃɔt̪o atʰaro
819,আট শত উনিশ, at ʃɔt̪o uniʃ
820,আট শত বিশ, at ʃɔt̪o biʃ
821,আট শত একুশ, at ʃɔt̪o ækuʃ
822,আট শত বাইশ, at ʃɔt̪o ba͡i̯ʃ
823,আট শত তেইশ, at ʃɔt̪o t̪e͡i̯ʃ
824,আট শত চব্বিশ, at ʃɔt̪o cobbiʃ
825,আট শত পঁচিশ, at ʃɔt̪o põciʃ
826,আট শত ছাব্বিশ, at ʃɔt̪o cʰabbiʃ
827,আট শত সাতাশ, at ʃɔt̪o ʃat̪aʃ
828,আট শত আঠাশ, at ʃɔt̪o atʰaʃ
829,আট শত উনত্রিশ, at ʃɔt̪o unot̪riʃ
830,আট শত ত্রিশ, at ʃɔt̪o t̪riʃ
831,আট শত একত্রিশ, at ʃɔt̪o ækot̪riʃ
832,আট শত বত্রিশ, at ʃɔt̪o bɔt̪riʃ
833,আট শত তেত্রিশ, at ʃɔt̪o t̪et̪riʃ
834,আট শত চৌত্রিশ, at ʃɔt̪o co͡u̯t̪riʃ
835,আট শত পঁয়ত্রিশ, at ʃɔt̪o põʲt̪riʃ
836,আট শত ছত্রিশ, at ʃɔt̪o cʰɔt̪riʃ
837,আট শত সাঁইত্রিশ, at ʃɔt̪o ʃãit̪riʃ
838,আট শত আটত্রিশ, at ʃɔt̪o att̪riʃ
839,আট শত উনচল্লিশ, at ʃɔt̪o unocolliʃ
840,আট শত চল্লিশ, at ʃɔt̪o colliʃ
841,আট শত একচল্লিশ, at ʃɔt̪o ækcolliʃ
842,আট শত বিয়াল্লিশ, at ʃɔt̪o biʲalliʃ
843,আট শত তেতাল্লিশ, at ʃɔt̪o t̪et̪alliʃ
844,আট শত চুয়াল্লিশ, at ʃɔt̪o cuʲalliʃ
845,আট শত পঁয়তাল্লিশ, at ʃɔt̪o põʲt̪alliʃ
846,আট শত ছেচল্লিশ, at ʃɔt̪o cʰecolliʃ
847,আট শত সাতচল্লিশ, at ʃɔt̪o ʃat̪colliʃ
848,আট শত আটচল্লিশ, at ʃɔt̪o atcolliʃ
849,আট শত উনপঞ্চাশ, at ʃɔt̪o unopɔncaʃ
850,আট শত পঞ্চাশ, at ʃɔt̪o pɔncaʃ
851,আট শত একান্ন, at ʃɔt̪o ækanno
852,আট শত বায়ান্ন, at ʃɔt̪o baʲanno
853,আট শত তিপ্পান্ন, at ʃɔt̪o t̪ippanno
854,আট শত চুয়ান্ন, at ʃɔt̪o cuʲanno
855,আট শত পঞ্চান্ন, at ʃɔt̪o pɔncanno
856,আট শত ছাপ্পান্ন, at ʃɔt̪o cʰappanno
857,আট শত সাতান্ন, at ʃɔt̪o ʃat̪anno
858,আট শত আটান্ন, at ʃɔt̪o atanno
859,আট শত উনষাট, at ʃɔt̪o unʃat
860,আট শত ষাট, at ʃɔt̪o ʃat
861,আট শত একষট্টি, at ʃɔt̪o ækʃotti
862,আট শত বাষট্টি, at ʃɔt̪o baʃɔtti
863,আট শত তেষট্টি, at ʃɔt̪o t̪eʃotti
864,আট শত চৌষট্টি, at ʃɔt̪o co͡u̯ʃotti
865,আট শত পঁয়ষট্টি, at ʃɔt̪o põʲʃɔtti
866,আট শত ছেষট্টি, at ʃɔt̪o cʰeʃotti
867,আট শত সাতষট্টি, at ʃɔt̪o ʃat̪ʃɔtti
868,আট শত আটষট্টি, at ʃɔt̪o atʃɔtti
869,আট শত উনসত্তর, at ʃɔt̪o unʃɔt̪t̪or
870,আট শত সত্তর, at ʃɔt̪o ʃɔt̪t̪or
871,আট শত একাত্তর, at ʃɔt̪o ækat̪t̪or
872,আট শত বাহাত্তর, at ʃɔt̪o bahat̪t̪or
873,আট শত তিয়াত্তর, at ʃɔt̪o t̪iʲat̪t̪or
874,আট শত চুয়াত্তর, at ʃɔt̪o cuʲat̪t̪or
875,আট শত পঁচাত্তর, at ʃɔt̪o pɔ̃cat̪t̪or
876,আট শত ছিয়াত্তর, at ʃɔt̪o cʰiʲat̪t̪or
877,আট শত সাতাত্তর, at ʃɔt̪o ʃat̪at̪t̪or
878,আট শত আটাত্তর, at ʃɔt̪o atat̪t̪or
879,আট শত উনআশি, at ʃɔt̪o uno͡a̯ʃi
880,আট শত আশি, at ʃɔt̪o aʃi
881,আট শত একাশি, at ʃɔt̪o ækaʃi
882,আট শত বিরাশি, at ʃɔt̪o biraʃi
883,আট শত তিরাশি, at ʃɔt̪o t̪iraʃi
884,আট শত চুরাশি, at ʃɔt̪o curaʃi
885,আট শত পঁচাশি, at ʃɔt̪o pɔ̃caʃi
886,আট শত ছিয়াশি, at ʃɔt̪o cʰiʲaʃi
887,আট শত সাতাশি, at ʃɔt̪o ʃat̪aʃi
888,আট শত আটাশি, at ʃɔt̪o ataʃi
889,আট শত উননব্বই, at ʃɔt̪o unonobbo͡i̯
890,আট শত নব্বই, at ʃɔt̪o nɔbbo͡i̯
891,আট শত একানব্বই, at ʃɔt̪o ækanbbo͡i̯
892,আট শত বিরানব্বই, at ʃɔt̪o biranɔbbo͡i̯
893,আট শত তিরানব্বই, at ʃɔt̪o t̪iranɔbbo͡i̯
894,আট শত চুরানব্বই, at ʃɔt̪o curanɔbbo͡i̯
895,আট শত পঁচানব্বই, at ʃɔt̪o pɔ̃canbbo͡i̯
896,আট শত ছিয়ানব্বই, at ʃɔt̪o cʰiʲanɔbbo͡i̯
897,আট শত সাতানব্বই, at ʃɔt̪o ʃat̪anobbo͡i̯
898,আট শত আটানব্বই, at ʃɔt̪o atanbbo͡i̯
899,আট শত নিরানব্বই, at ʃɔt̪o niranɔbbo͡i̯
900,নয়শ, nɔʲʃ
901,নয় শত এক, nɔʲ ʃɔt̪o æk
902,নয় শত দুই, nɔʲ ʃɔt̪o d̪u͡i̯
903,নয় শত তিন, nɔʲ ʃɔt̪o t̪in
904,নয় শত চার, nɔʲ ʃɔt̪o car
905,নয় শত পাঁচ, nɔʲ ʃɔt̪o pãc
906,নয় শত ছয়, nɔʲ ʃɔt̪o cʰɔʲ
907,নয় শত সাত, nɔʲ ʃɔt̪o ʃat̪
908,নয় শত আট, nɔʲ ʃɔt̪o at
909,নয় শত নয়, nɔʲ ʃɔt̪o nɔʲ
910,নয় শত দশ, nɔʲ ʃɔt̪o d̪ɔʃ
911,নয় শত এগারো, nɔʲ ʃɔt̪o ægaro
912,নয় শত বারো, nɔʲ ʃɔt̪o baro
913,নয় শত তেরো, nɔʲ ʃɔt̪o t̪ero
914,নয় শত চৌদ্দ, nɔʲ ʃɔt̪o co͡u̯d̪d̪o
915,নয় শত পনেরো, nɔʲ ʃɔt̪o ponero
916,নয় শত ষোলো, nɔʲ ʃɔt̪o ʃolo
917,নয় শত সতেরো, nɔʲ ʃɔt̪o ʃɔt̪ero
918,নয় শত আঠারো, nɔʲ ʃɔt̪o atʰaro
919,নয় শত উনিশ, nɔʲ ʃɔt̪o uniʃ
920,নয় শত বিশ, nɔʲ ʃɔt̪o biʃ
921,নয় শত একুশ, nɔʲ ʃɔt̪o ækuʃ
922,নয় শত বাইশ, nɔʲ ʃɔt̪o ba͡i̯ʃ
923,নয় শত তেইশ, nɔʲ ʃɔt̪o t̪e͡i̯ʃ
924,নয় শত চব্বিশ, nɔʲ ʃɔt̪o cobbiʃ
925,নয় শত পঁচিশ, nɔʲ ʃɔt̪o põciʃ
926,নয় শত ছাব্বিশ, nɔʲ ʃɔt̪o cʰabbiʃ
927,নয় শত সাতাশ, nɔʲ ʃɔt̪o ʃat̪aʃ
928,নয় শত আঠাশ, nɔʲ ʃɔt̪o atʰaʃ
929,নয় শত উনত্রিশ, nɔʲ ʃɔt̪o unot̪riʃ
930,নয় শত ত্রিশ, nɔʲ ʃɔt̪o t̪riʃ
931,নয় শত একত্রিশ, nɔʲ ʃɔt̪o ækot̪riʃ
932,নয় শত বত্রিশ, nɔʲ ʃɔt̪o bɔt̪riʃ
933,নয় শত তেত্রিশ, nɔʲ ʃɔt̪o t̪et̪riʃ
934,নয় শত চৌত্রিশ, nɔʲ ʃɔt̪o co͡u̯t̪riʃ
935,নয় শত পঁয়ত্রিশ, nɔʲ ʃɔt̪o põʲt̪riʃ
936,নয় শত ছত্রিশ, nɔʲ ʃɔt̪o cʰɔt̪riʃ
937,নয় শত সাঁইত্রিশ, nɔʲ ʃɔt̪o ʃãit̪riʃ
938,নয় শত আটত্রিশ, nɔʲ ʃɔt̪o att̪riʃ
939,নয় শত উনচল্লিশ, nɔʲ ʃɔt̪o unocolliʃ
940,নয় শত চল্লিশ, nɔʲ ʃɔt̪o colliʃ
941,নয় শত একচল্লিশ, nɔʲ ʃɔt̪o ækcolliʃ
942,নয় শত বিয়াল্লিশ, nɔʲ ʃɔt̪o biʲalliʃ
943,নয় শত তেতাল্লিশ, nɔʲ ʃɔt̪o t̪et̪alliʃ
944,নয় শত চুয়াল্লিশ, nɔʲ ʃɔt̪o cuʲalliʃ
945,নয় শত পঁয়তাল্লিশ, nɔʲ ʃɔt̪o põʲt̪alliʃ
946,নয় শত ছেচল্লিশ, nɔʲ ʃɔt̪o cʰecolliʃ
947,নয় শত সাতচল্লিশ, nɔʲ ʃɔt̪o ʃat̪colliʃ
948,নয় শত আটচল্লিশ, nɔʲ ʃɔt̪o atcolliʃ
949,নয় শত উনপঞ্চাশ, nɔʲ ʃɔt̪o unopɔncaʃ
950,নয় শত পঞ্চাশ, nɔʲ ʃɔt̪o pɔncaʃ
951,নয় শত একান্ন, nɔʲ ʃɔt̪o ækanno
952,নয় শত বায়ান্ন, nɔʲ ʃɔt̪o baʲanno
953,নয় শত তিপ্পান্ন, nɔʲ ʃɔt̪o t̪ippanno
954,নয় শত চুয়ান্ন, nɔʲ ʃɔt̪o cuʲanno
955,নয় শত পঞ্চান্ন, nɔʲ ʃɔt̪o pɔncanno
956,নয় শত ছাপ্পান্ন, nɔʲ ʃɔt̪o cʰappanno
957,নয় শত সাতান্ন, nɔʲ ʃɔt̪o ʃat̪anno
958,নয় শত আটান্ন, nɔʲ ʃɔt̪o atanno
959,নয় শত উনষাট, nɔʲ ʃɔt̪o unʃat
960,নয় শত ষাট, nɔʲ ʃɔt̪o ʃat
961,নয় শত একষট্টি, nɔʲ ʃɔt̪o ækʃotti
962,নয় শত বাষট্টি, nɔʲ ʃɔt̪o baʃɔtti
963,নয় শত তেষট্টি, nɔʲ ʃɔt̪o t̪eʃotti
964,নয় শত চৌষট্টি, nɔʲ ʃɔt̪o co͡u̯ʃotti
965,নয় শত পঁয়ষট্টি, nɔʲ ʃɔt̪o põʲʃɔtti
966,নয় শত ছেষট্টি, nɔʲ ʃɔt̪o cʰeʃotti
967,নয় শত সাতষট্টি, nɔʲ ʃɔt̪o ʃat̪ʃɔtti
968,নয় শত আটষট্টি, nɔʲ ʃɔt̪o atʃɔtti
969,নয় শত উনসত্তর, nɔʲ ʃɔt̪o unʃɔt̪t̪or
970,নয় শত সত্তর, nɔʲ ʃɔt̪o ʃɔt̪t̪or
971,নয় শত একাত্তর, nɔʲ ʃɔt̪o ækat̪t̪or
972,নয় শত বাহাত্তর, nɔʲ ʃɔt̪o bahat̪t̪or
973,নয় শত তিয়াত্তর, nɔʲ ʃɔt̪o t̪iʲat̪t̪or
974,নয় শত চুয়াত্তর, nɔʲ ʃɔt̪o cuʲat̪t̪or
975,নয় শত পঁচাত্তর, nɔʲ ʃɔt̪o pɔ̃cat̪t̪or
976,নয় শত ছিয়াত্তর, nɔʲ ʃɔt̪o cʰiʲat̪t̪or
977,নয় শত সাতাত্তর, nɔʲ ʃɔt̪o ʃat̪at̪t̪or
978,নয় শত আটাত্তর, nɔʲ ʃɔt̪o atat̪t̪or
979,নয় শত উনআশি, nɔʲ ʃɔt̪o uno͡a̯ʃi
980,নয় শত আশি, nɔʲ ʃɔt̪o aʃi
981,নয় শত একাশি, nɔʲ ʃɔt̪o ækaʃi
982,নয় শত বিরাশি, nɔʲ ʃɔt̪o biraʃi
983,নয় শত তিরাশি, nɔʲ ʃɔt̪o t̪iraʃi
984,নয় শত চুরাশি, nɔʲ ʃɔt̪o curaʃi
985,নয় শত পঁচাশি, nɔʲ ʃɔt̪o pɔ̃caʃi
986,নয় শত ছিয়াশি, nɔʲ ʃɔt̪o cʰiʲaʃi
987,নয় শত সাতাশি, nɔʲ ʃɔt̪o ʃat̪aʃi
988,নয় শত আটাশি, nɔʲ ʃɔt̪o ataʃi
989,নয় শত উননব্বই, nɔʲ ʃɔt̪o unonobbo͡i̯
990,নয় শত নব্বই, nɔʲ ʃɔt̪o nɔbbo͡i̯
991,নয় শত একানব্বই, nɔʲ ʃɔt̪o ækanbbo͡i̯
992,নয় শত বিরানব্বই, nɔʲ ʃɔt̪o biranɔbbo͡i̯
993,নয় শত তিরানব্বই, nɔʲ ʃɔt̪o t̪iranɔbbo͡i̯
994,নয় শত চুরানব্বই, nɔʲ ʃɔt̪o curanɔbbo͡i̯
995,নয় শত পঁচানব্বই, nɔʲ ʃɔt̪o pɔ̃canbbo͡i̯
996,নয় শত ছিয়ানব্বই, nɔʲ ʃɔt̪o cʰiʲanɔbbo͡i̯
997,নয় শত সাতানব্বই, nɔʲ ʃɔt̪o ʃat̪anobbo͡i̯
998,নয় শত আটানব্বই, nɔʲ ʃɔt̪o atanbbo͡i̯
999,নয় শত নিরানব্বই, nɔʲ ʃɔt̪o niranɔbbo͡i̯
1000,এক হাজা, æk haɟa
